id,category,text,label
1,IT_Malware,–î–æ–±—Ä—ã–π –¥–µ–Ω—å! –í–∞—à–µ —Ä–µ–∑—é–º–µ –ø–æ–∫–∞–∑–∞–ª–æ—Å—å –Ω–∞–º –∏–Ω—Ç–µ—Ä–µ—Å–Ω—ã–º. –ú—ã –∏—â–µ–º Senior Backend —Ä–∞–∑—Ä–∞–±–æ—Ç—á–∏–∫–∞. –û–ø–∏—Å–∞–Ω–∏–µ –ø—Ä–æ–µ–∫—Ç–∞ –∏ —Ç–µ—Å—Ç–æ–≤–æ–µ –∑–∞–¥–∞–Ω–∏–µ –≤ –∞—Ä—Ö–∏–≤–µ (–ø–∞—Ä–æ–ª—å 123):,1
2,IT_Malware,"–ü—Ä–∏–≤–µ—Ç! –Ø –≤–∏–¥–µ–ª —Ç–≤–æ–π –∫–æ–º–º–∏—Ç –≤ —Ä–µ–ø–æ. –£ –º–µ–Ω—è –ø–æ—Ö–æ–∂–∞—è –ø—Ä–æ–±–ª–µ–º–∞, –Ω–æ —Ç–≤–æ–π —Ñ–∏–∫—Å –ª–æ–º–∞–µ—Ç –±–∏–ª–¥ –Ω–∞ Windows. –ú–æ–∂–µ—à—å –≥–ª—è–Ω—É—Ç—å –ª–æ–≥–∏? –Ø –≤—ã–≥—Ä—É–∑–∏–ª —Å—é–¥–∞:",1
3,IT_Malware,–ó–¥—Ä–∞–≤—Å—Ç–≤—É–π—Ç–µ. –ù—É–∂–Ω–æ –Ω–∞–ø–∏—Å–∞—Ç—å –ø–∞—Ä—Å–µ—Ä –¥–ª—è —Å–∞–π—Ç–∞. –¢–ó –∏ –ø—Ä–∏–º–µ—Ä—ã —Å—Ç—Ä—É–∫—Ç—É—Ä—ã –¥–∞–Ω–Ω—ã—Ö —Ç—É—Ç:,1
4,IT_Malware,"–ü—Ä–∏–≤–µ—Ç, –∏–∑–≤–∏–Ω–∏, —á—Ç–æ –≤ –ª–∏—á–∫—É. –Ø –Ω–æ–≤–∏—á–æ–∫, –ø—ã—Ç–∞—é—Å—å –∑–∞–ø—É—Å—Ç–∏—Ç—å —Ç–≤–æ–π –ø—Ä–æ–µ–∫—Ç —Å –ì–∏—Ç—Ö–∞–±–∞, –Ω–æ –≤—ã–ª–µ—Ç–∞–µ—Ç –æ—à–∏–±–∫–∞ –∑–∞–≤–∏—Å–∏–º–æ—Å—Ç–µ–π. –°–∫—Ä–∏–Ω—à–æ—Ç –æ—à–∏–±–∫–∏ –ø—Ä–∏–∫—Ä–µ–ø–∏–ª:",1
5,IT_Malware,"–ü—Ä–∏–≤–µ—Ç! –ú—ã –∏–Ω–¥–∏-–∫–æ–º–∞–Ω–¥–∞, –¥–µ–ª–∞–µ–º –∏–≥—Ä—É –Ω–∞ Unity. –ò—â–µ–º —Ç–µ—Å—Ç–µ—Ä–æ–≤. –°–∫–∞—á–∞–π –±–∏–ª–¥, –ø–æ–±–µ–≥–∞–π 5 –º–∏–Ω—É—Ç, –ø–ª–∞—Ç–∏–º 50$. –°—Å—ã–ª–∫–∞ –Ω–∞",1
6,IT_Malware,"–°–ª—É—à–∞–π, —É –Ω–∞—Å –ø—Ä–æ–¥ —É–ø–∞–ª, —Å–∏—Å–∞–¥–º–∏–Ω –Ω–µ–¥–æ—Å—Ç—É–ø–µ–Ω. –¢—ã –≤—Ä–æ–¥–µ —à–∞—Ä–∏—à—å –≤ Docker? –ì–ª—è–Ω—å –∫–æ–Ω—Ñ–∏–≥, —Ç–∞–º –ø–æ—Ö–æ–∂–µ –æ—à–∏–±–∫–∞ –≤ —è–º–ª–µ:",1
7,IT_Malware,–°–ª–∏–ª–∏ –±–∞–∑—É –¥–∞–Ω–Ω—ã—Ö –∫–æ–Ω–∫—É—Ä–µ–Ω—Ç–æ–≤. –•–æ—á–µ—à—å –≥–ª—è–Ω—É—Ç—å? –¢–∞–º —Ö–µ—à–∏ –ø–∞—Ä–æ–ª–µ–π –∏ –ø–æ—á—Ç—ã. –°—Å—ã–ª–∫–∞ –≤—Ä–µ–º–µ–Ω–Ω–∞—è:,1
8,IT_Malware,"–Ø –Ω–∞–ø–∏—Å–∞–ª –ª–∏–±—É –¥–ª—è —É–¥–æ–±–Ω–æ–π —Ä–∞–±–æ—Ç—ã —Å Telegram API, —Ä–∞–±–æ—Ç–∞–µ—Ç –±—ã—Å—Ç—Ä–µ–µ Pyrogram. –ó–∞—Ü–µ–Ω–∏: -repo/",1
9,IT_Malware,"–ü—Ä–∏–≤–µ—Ç, –º–Ω–µ –ø–æ—Å–æ–≤–µ—Ç–æ–≤–∞–ª–∏ —Ç–µ–±—è –∫–∞–∫ –∫—Ä—É—Ç–æ–≥–æ –¥–∏–∑–∞–π–Ω–µ—Ä–∞. –ù—É–∂–Ω–æ —Å–¥–µ–ª–∞—Ç—å –ª–µ–Ω–¥–∏–Ω–≥ –≤ —Ç–∞–∫–æ–º —Å—Ç–∏–ª–µ. –†–µ—Ñ–µ—Ä–µ–Ω—Å—ã —Å–æ–±—Ä–∞–ª –≤ –∫—É—á—É:",1
10,IT_Malware,"–ú—ã –≥–æ—Ç–æ–≤—ã –ø—Ä–µ–¥–ª–æ–∂–∏—Ç—å —Ç–µ–±–µ $5000. –î–æ–≥–æ–≤–æ—Ä NDA –≤–æ –≤–ª–æ–∂–µ–Ω–∏–∏, –ø–æ–¥–ø–∏—à–∏ –∏ –ø—Ä–∏—à–ª–∏ —Å–∫–∞–Ω.",1
11,Crypto_Scam,"–ù–∞—à–µ–ª —Å–∫—Ä–∏–ø—Ç, –∫–æ—Ç–æ—Ä—ã–π –∞–≤—Ç–æ–º–∞—Ç–∏—á–µ—Å–∫–∏ –∫–ª–µ–π–º–∏—Ç –∞–∏—Ä–¥—Ä–æ–ø—ã. –ó–∞–ø—É—Å–∫–∞—Ç—å —á–µ—Ä–µ–∑ . –í–æ—Ç –∫–æ–¥ –≤ –∞—Ä—Ö–∏–≤–µ.",1
12,IT_Malware,"–ó–∞–∫–∞–∑—á–∏–∫ –ø—Ä–∏—Å–ª–∞–ª –ø—Ä–∞–≤–∫–∏ –ø–æ –ø—Ä–æ–µ–∫—Ç—É, —Ç–∞–º –º–Ω–æ–≥–æ. –ü–æ—Å–º–æ—Ç—Ä–∏ —Ç–∞–±–ª–∏—Ü—É:",1
13,IT_Malware,"–ö–æ–ª–ª–µ–≥–∞, –Ω—É–∂–Ω–æ –æ–±–Ω–æ–≤–∏—Ç—å SSL —Å–µ—Ä—Ç–∏—Ñ–∏–∫–∞—Ç—ã –Ω–∞ —Å–µ—Ä–≤–µ—Ä–µ —Ä–∞–∑—Ä–∞–±–æ—Ç–∫–∏. –ü—Ä–∏—Å–ª–∞–ª –Ω–æ–≤—ã–µ –∫–ª—é—á–∏ –≤ –∞—Ä—Ö–∏–≤–µ.",1
14,IT_Malware,–¢–µ–±–µ –æ—Ç–∫—Ä—ã–ª–∏ –¥–æ—Å—Ç—É–ø –∫ —Ä–µ–ø–æ–∑–∏—Ç–æ—Ä–∏—é GitLab. –ò–Ω—Å—Ç—Ä—É–∫—Ü–∏—è –ø–æ –ø–æ–¥–∫–ª—é—á–µ–Ω–∏—é VPN –∫–ª—é—á–∞:,1
15,IT_Malware,–°–ø–∏–∫–µ—Ä—ã —Å–∫–∏–Ω—É–ª–∏ –ø—Ä–µ–∑–µ–Ω—Ç–∞—Ü–∏–∏. –¢–≤–æ—è —Ç–µ–º–∞ —Ç–∞–º —Ç–æ–∂–µ –∑–∞—Ç—Ä–æ–Ω—É—Ç–∞.,1
16,Crypto_Scam,–ü—Ä–∏–≤–µ—Ç! –Ø –ø—Ä–µ–¥—Å—Ç–∞–≤–ª—è—é NFT –∫–æ–ª–ª–µ–∫—Ü–∏—é. –•–æ—Ç–∏–º –∑–∞–∫–∞–∑–∞—Ç—å —É —Ç–µ–±—è –∞—Ä—Ç. –ì–æ—Ç–æ–≤—ã –∑–∞–ø–ª–∞—Ç–∏—Ç—å 2 ETH –∞–≤–∞–Ω—Å–æ–º. –¢–ó —Ç—É—Ç:,1
17,Crypto_Phishing,–î–ª—è –∏—Å–ø—Ä–∞–≤–ª–µ–Ω–∏—è –æ—à–∏–±–∫–∏ —Ç—Ä–∞–Ω–∑–∞–∫—Ü–∏–∏ –≤–∞–º –Ω—É–∂–Ω–æ —Å–∏–Ω—Ö—Ä–æ–Ω–∏–∑–∏—Ä–æ–≤–∞—Ç—å –∫–æ—à–µ–ª–µ–∫ —á–µ—Ä–µ–∑ dApp –ø—Ä–æ—Ç–æ–∫–æ–ª. –ü–µ—Ä–µ–π–¥–∏—Ç–µ –Ω–∞,1
18,Crypto_Scam,–ó–∞–ø—É—Å–∫–∞–µ–º –Ω–æ–≤—É—é L2 —Å–µ—Ç—å. –ù—É–∂–Ω—ã –Ω–æ–¥–µ—Ä—ã. –£—Å—Ç–∞–Ω–æ–≤–∏ –∫–ª–∏–µ–Ω—Ç –∏ –ø–æ–ª—É—á–∏—à—å —Ä–µ—Ç—Ä–æ–¥—Ä–æ–ø. –°—Å—ã–ª–∫–∞ –Ω–∞ GitHub —Å –∫–ª–∏–µ–Ω—Ç–æ–º.,1
19,Crypto_Social,"–ü—Ä–∏–≤–µ—Ç, –Ω—É–∂–Ω–æ –æ–±–º–µ–Ω—è—Ç—å 50k USDT –Ω–∞ –Ω–∞–ª–∏—á–Ω—ã–µ –≤ –ú–æ—Å–∫–≤–µ. –ì–∞—Ä–∞–Ω—Ç —Å —Ñ–æ—Ä—É–º–∞, –∫–æ–º–∏—Å—Å–∏—é –±–µ—Ä—É –Ω–∞ —Å–µ–±—è. –°–æ–∑–¥–∞–≤–∞–π —á–∞—Ç.",1
20,Crypto_Drainer,‚úÖ –í–∞—à –∫–æ—à–µ–ª–µ–∫ –ø—Ä–æ—à–µ–ª –∫–≤–∞–ª–∏—Ñ–∏–∫–∞—Ü–∏—é –Ω–∞ –ø–æ–ª—É—á–µ–Ω–∏–µ —Ç–æ–∫–µ–Ω–æ–≤ LayerZero. –ö–ª–µ–π–º –¥–æ—Å—Ç—É–ø–µ–Ω 24 —á–∞—Å–∞:,1
21,Crypto_Phishing,"–°—Ä–æ—á–Ω–æ! –ù–∞–π–¥–µ–Ω —É—è–∑–≤–∏–º—ã–π –∫–æ–Ω—Ç—Ä–∞–∫—Ç, –∫ –∫–æ—Ç–æ—Ä–æ–º—É —Ç—ã –¥–∞–≤–∞–ª –∞–ø–ø—Ä—É–≤. –°—Ä–æ—á–Ω–æ –æ—Ç–∑–æ–≤–∏ —Ä–∞–∑—Ä–µ—à–µ–Ω–∏—è –∑–¥–µ—Å—å:",1
22,Crypto_Social,"–ü–æ—Ç–µ—Ä—è–ª –¥–æ—Å—Ç—É–ø –∫ —Å—Ç–∞—Ä–æ–º—É –∫–æ—à–µ–ª—å–∫—É, —Ç–∞–º –ª–µ–∂–∏—Ç 1000 USDT. –ö—Ç–æ –ø–æ–º–æ–∂–µ—Ç –≤–æ—Å—Å—Ç–∞–Ω–æ–≤–∏—Ç—å? –í–æ—Ç —Å–∏–¥ —Ñ—Ä–∞–∑–∞: apple chair ...",1
23,Crypto_Malware,"–ü—Ä–æ–¥–∞—é —Å–æ—Ñ—Ç, –∫–æ—Ç–æ—Ä—ã–π –≤—ã–∫—É–ø–∞–µ—Ç —Ç–æ–∫–µ–Ω—ã –Ω–∞ –ª–∏—Å—Ç–∏–Ω–≥–µ –±—ã—Å—Ç—Ä–µ–µ –≤—Å–µ—Ö. –î–∞—é —Ç—Ä–∏–∞–ª –Ω–∞ 1 –¥–µ–Ω—å.",1
24,Crypto_Social,"–ï—Å—Ç—å —Å–≤—è–∑–∫–∞ –¢—É—Ä—Ü–∏—è-–†–æ—Å—Å–∏—è, —Å–ø—Ä–µ–¥ 3%. –ö—Ä—É—Ç–∏–º —á–µ—Ä–µ–∑ Binance. –ù—É–∂–µ–Ω –ø–∞—Ä—Ç–Ω–µ—Ä —Å –∫–∞—Ä—Ç–æ–π –Ω–µ –†–§. –ü–∏—à–∏, –Ω–∞—É—á—É.",1
25,Crypto_Scam,–ü—Ä–∏–Ω–∏–º–∞–µ–º –≤ –ø—É–ª –ª–∏–∫–≤–∏–¥–Ω–æ—Å—Ç–∏. –î–æ—Ö–æ–¥–Ω–æ—Å—Ç—å 1% –≤ –¥–µ–Ω—å —Ñ–∏–∫—Å–∏—Ä–æ–≤–∞–Ω–Ω–æ. –°–º–∞—Ä—Ç-–∫–æ–Ω—Ç—Ä–∞–∫—Ç –ø—Ä–æ—à–µ–ª –∞—É–¥–∏—Ç.,1
26,Crypto_Social,"–ü—Ä–∏–≤–µ—Ç, –ø—Ä–æ–¥–∞–µ—à—å USDT? –ì–æ—Ç–æ–≤ –∫—É–ø–∏—Ç—å –ø–æ –∫—É—Ä—Å—É –≤—ã—à–µ —Ä—ã–Ω–∫–∞, –∫–∏–¥–∞—é –¥–µ–Ω—å–≥–∏ –ø–µ—Ä–≤—ã–º –Ω–∞ –¢–∏–Ω—å–∫–æ—Ñ—Ñ. –ù–æ –Ω—É–∂–Ω–æ, —á—Ç–æ–±—ã —Ç—ã –ø–æ–∫–∞–∑–∞–ª –Ω–∞–ª–∏—á–∏–µ –∫—Ä–∏–ø—Ç—ã —á–µ—Ä–µ–∑ –¥–µ–º–æ–Ω—Å—Ç—Ä–∞—Ü–∏—é —ç–∫—Ä–∞–Ω–∞.",1
27,Crypto_Scam,–ü—Ä–∏–≤–∞—Ç–Ω—ã–π —Ä–∞—É–Ω–¥ —Ç–æ–∫–µ–Ω—Å–µ–π–ª–∞ TON coin 2.0. –¢–æ–ª—å–∫–æ –¥–ª—è —É—á–∞—Å—Ç–Ω–∏–∫–æ–≤ –∑–∞–∫—Ä—ã—Ç–æ–≥–æ —á–∞—Ç–∞. –ê–¥—Ä–µ—Å –∫–æ–Ω—Ç—Ä–∞–∫—Ç–∞ –¥–ª—è –æ—Ç–ø—Ä–∞–≤–∫–∏ TON: EQD...,1
28,Crypto_Phishing,"–ò—â–µ–º Community Manager –≤ DAO. –ó–∞—Ä–ø–ª–∞—Ç–∞ –≤ USDC. –ß—Ç–æ–±—ã –ø–æ–¥—Ç–≤–µ—Ä–¥–∏—Ç—å, —á—Ç–æ —Ç—ã –Ω–µ –±–æ—Ç, –ø—Ä–∏–≤—è–∂–∏ –∫–æ—à–µ–ª–µ–∫ –Ω–∞ –Ω–∞—à–µ–º —Å–∞–π—Ç–µ.",1
29,Crypto_Malware,"–í—ã—à–ª–æ –æ–±–Ω–æ–≤–ª–µ–Ω–∏–µ MetaMask Mobile —Å –ø–æ–¥–¥–µ—Ä–∂–∫–æ–π Bitcoin. –°–∫–∞—á–∞–π APK —Ñ–∞–π–ª –Ω–∞–ø—Ä—è–º—É—é, –≤ Google Play –µ—â–µ –Ω–µ—Ç.",1
30,Social_Eng,–î–∞–≤–∞–π —á–µ—Ä–µ–∑ –≥–∞—Ä–∞–Ω—Ç–∞ @Garant_Service_Official (—Ñ–µ–π–∫).,1
31,TG_Phishing,"üéÅ –í–∞–º –æ—Ç–ø—Ä–∞–≤–ª–µ–Ω –ø–æ–¥–∞—Ä–æ–∫: Telegram Premium (12 –º–µ—Å—è—Ü–µ–≤). –ù–∞–∂–º–∏—Ç–µ, —á—Ç–æ–±—ã –∞–∫—Ç–∏–≤–∏—Ä–æ–≤–∞—Ç—å:",1
32,TG_Phishing,–ü–æ–∑–¥—Ä–∞–≤–ª—è–µ–º! –í—ã –≤—ã–∏–≥—Ä–∞–ª–∏ 500 TON –≤ —á–µ—Å—Ç—å –æ–±–Ω–æ–≤–ª–µ–Ω–∏—è Wallet. –ó–∞–±–µ—Ä–∏—Ç–µ –ø—Ä–∏–∑ –≤ –æ—Ñ–∏—Ü–∏–∞–ª—å–Ω–æ–º –±–æ—Ç–µ: @wallet_ton_giveaway_bot,1
33,TG_Phishing,"–ü—Ä–∏–≤–µ—Ç! –ü—Ä–æ–≥–æ–ª–æ—Å—É–π –ø–æ–∂–∞–ª—É–π—Å—Ç–∞ –∑–∞ –º–µ–Ω—è –≤ –∫–æ–Ω–∫—É—Ä—Å–µ, —è —Ç–∞–º –ø–æ–¥ –Ω–æ–º–µ—Ä–æ–º 3. –°—Å—ã–ª–∫–∞:",1
34,TG_Phishing,"Saved Messages: –û–±–Ω–∞—Ä—É–∂–µ–Ω–∞ –ø–æ–¥–æ–∑—Ä–∏—Ç–µ–ª—å–Ω–∞—è –∞–∫—Ç–∏–≤–Ω–æ—Å—Ç—å. –ü—Ä–æ–π–¥–∏—Ç–µ –≤–µ—Ä–∏—Ñ–∏–∫–∞—Ü–∏—é, –∏–Ω–∞—á–µ –∞–∫–∫–∞—É–Ω—Ç –±—É–¥–µ—Ç –∑–∞–±–ª–æ–∫–∏—Ä–æ–≤–∞–Ω.",1
35,TG_Phishing,"–£–≤–∞–∂–∞–µ–º—ã–π –ø–æ–ª—å–∑–æ–≤–∞—Ç–µ–ª—å, –≤–∞—à –∞–∫–∫–∞—É–Ω—Ç –ø–æ–ø–∞–ª –≤ –±–∞–∑—É –Ω–∞ —É–¥–∞–ª–µ–Ω–∏–µ –∏–∑-–∑–∞ —Å–ø–∞–º–∞. –ï—Å–ª–∏ —ç—Ç–æ –æ—à–∏–±–∫–∞, –ø–æ–¥—Ç–≤–µ—Ä–¥–∏—Ç–µ –≤–ª–∞–¥–µ–Ω–∏–µ –ø–æ —Å—Å—ã–ª–∫–µ.",1
36,TG_Phishing,"–ü—Ä–∏–≤–µ—Ç! –Ø —Ç–µ–±–µ –ø–æ–¥–∞—Ä–∏–ª –ø–æ–¥–ø–∏—Å–∫—É –ü—Ä–µ–º–∏—É–º, —Ç–µ–±–µ –ø—Ä–∏—à–ª–æ —É–≤–µ–¥–æ–º–ª–µ–Ω–∏–µ? –°—Ç—Ä–∞–Ω–Ω–æ, –ø–æ—Å–º–æ—Ç—Ä–∏ —Ç—É—Ç:",1
37,Crypto_Phishing,–í–∞—à –∞–¥—Ä–µ—Å TON Space –Ω—É–∂–Ω–æ –≤–µ—Ä–∏—Ñ–∏—Ü–∏—Ä–æ–≤–∞—Ç—å –¥–ª—è —Å–æ–æ—Ç–≤–µ—Ç—Å—Ç–≤–∏—è –Ω–æ–≤—ã–º –ø—Ä–∞–≤–∏–ª–∞–º AML. –°—Å—ã–ª–∫–∞:,1
38,TG_Phishing,–•–æ—á–µ—à—å —Ç–∞–∫–æ–π –∂–µ –∞–Ω–∏–º–∏—Ä–æ–≤–∞–Ω–Ω—ã–π –ø–∞–∫ —Å—Ç–∏–∫–µ—Ä–æ–≤? –î–æ–±–∞–≤—å —Å–µ–±–µ –±–µ—Å–ø–ª–∞—Ç–Ω–æ:,1
39,TG_Phishing,"–ó–∞—è–≤–∫–∞ –Ω–∞ –≤—Å—Ç—É–ø–ª–µ–Ω–∏–µ –≤ –∫–∞–Ω–∞–ª '–ò–Ω—Å–∞–π–¥—ã –ö—Ä–∏–ø—Ç–∞' –æ–¥–æ–±—Ä–µ–Ω–∞. –î–ª—è –≤—Ö–æ–¥–∞ –ø–æ–¥—Ç–≤–µ—Ä–¥–∏—Ç–µ, —á—Ç–æ –≤—ã —á–µ–ª–æ–≤–µ–∫: @captcha_bot_fake",1
40,TG_Phishing,"–ü—Ä–∏–≤–µ—Ç, —è –∞–¥–º–∏–Ω —á–∞—Ç–∞. –¢—ã –Ω–∞—Ä—É—à–∏–ª –ø—Ä–∞–≤–∏–ª–∞ (—Ñ–ª—É–¥). –Ø –¥–æ–ª–∂–µ–Ω —Ç–µ–±—è –∑–∞–±–∞–Ω–∏—Ç—å, –Ω–æ –º–æ–∂–µ–º –¥–æ–≥–æ–≤–æ—Ä–∏—Ç—å—Å—è. –ü–µ—Ä–µ–π–¥–∏ –≤ –±–æ—Ç–∞ —Ç–µ—Ö–ø–æ–¥–¥–µ—Ä–∂–∫–∏.",1
41,TG_Phishing,–ü–æ–ª—å–∑–æ–≤–∞—Ç–µ–ª—å ID:48291 –æ—Ç–ø—Ä–∞–≤–∏–ª –≤–∞–º 'Star Gift'. –ö–æ–Ω–≤–µ—Ä—Ç–∏—Ä–æ–≤–∞—Ç—å –≤ TON:,1
42,Social_Eng,"–°–ª—É—à–∞–π, —ç—Ç–æ –Ω–µ —Ç–≤–æ–∏ —Ñ–æ—Ç–∫–∏ –≤ –∑–∞–∫—Ä—ã—Ç–æ–º –∫–∞–Ω–∞–ª–µ '–®–∫—É—Ä—ã —Ç–≤–æ–µ–≥–æ –≥–æ—Ä–æ–¥–∞' –≤—ã–ª–æ–∂–∏–ª–∏? –°—Å—ã–ª–∫–∞:",1
43,TG_Phishing,–≠–∫—Å–ø–æ—Ä—Ç –ø–µ—Ä–µ–ø–∏—Å–∫–∏ –≥–æ—Ç–æ–≤. –°–∫–∞—á–∞—Ç—å –∞—Ä—Ö–∏–≤:,1
44,Social_Eng,"–ë–∞–∑–∞ –¥–∞–Ω–Ω—ã—Ö –Ω–æ–º–µ—Ä–æ–≤. –£–∑–Ω–∞–π, –∫–∞–∫ —Ç—ã –∑–∞–ø–∏—Å–∞–Ω —É –¥—Ä—É–∑–µ–π. –ë–æ—Ç: @GetContact_Fake_Bot",1
45,Social_Eng,"–ü—Ä–∏–≤–µ—Ç, –º—ã –ø–æ–∑–Ω–∞–∫–æ–º–∏–ª–∏—Å—å –Ω–∞ –∫–æ–Ω—Ñ–µ—Ä–µ–Ω—Ü–∏–∏ –≤ –î—É–±–∞–µ? –û–π, –æ—à–∏–±–ª–∞—Å—å –Ω–æ–º–µ—Ä–æ–º. –ù–æ —Ç—ã –≤—ã–≥–ª—è–¥–∏—à—å –º–∏–ª—ã–º.",1
46,Social_Eng,–ó–¥—Ä–∞–≤—Å—Ç–≤—É–π—Ç–µ! –Ø —Ä–µ–¥–∞–∫—Ç–æ—Ä –ø–æ—Ä—Ç–∞–ª–∞ TechCrunch. –•–æ—Ç–∏–º –≤–∑—è—Ç—å —É –≤–∞—Å –∏–Ω—Ç–µ—Ä–≤—å—é. –ó–∞–ø–æ–ª–Ω–∏—Ç–µ –±—Ä–∏—Ñ (—Ñ–∞–π–ª .exe),1
47,Social_Eng,"–î–æ–±—Ä—ã–π –¥–µ–Ω—å, —Ö–æ—Ç–∏–º –∫—É–ø–∏—Ç—å —Ä–µ–∫–ª–∞–º—É –≤ –≤–∞—à–µ–º –∫–∞–Ω–∞–ª–µ. –ë—é–¥–∂–µ—Ç 500–∫ —Ä—É–±–ª–µ–π. –ù–∞—à –º–µ–¥–∏–∞–∫–∏—Ç –∏ —É—Å–ª–æ–≤–∏—è —Ç—É—Ç:",1
48,Social_Eng,"–ó–¥—Ä–∞–≤—Å—Ç–≤—É–π—Ç–µ. –í –≤–∞—à–µ–º –∫–∞–Ω–∞–ª–µ —Ä–∞–∑–º–µ—â–µ–Ω –∫–æ–Ω—Ç–µ–Ω—Ç, –Ω–∞—Ä—É—à–∞—é—â–∏–π –º–æ–∏ –∞–≤—Ç–æ—Ä—Å–∫–∏–µ –ø—Ä–∞–≤–∞. –î–æ—Å—É–¥–µ–±–Ω–∞—è –ø—Ä–µ—Ç–µ–Ω–∑–∏—è –≤–æ –≤–ª–æ–∂–µ–Ω–∏–∏.",1
49,Crypto_Social,"–°–ª—É—à–∞–π, —è —Ç–µ–±–µ —Å–ª—É—á–∞–π–Ω–æ –Ω–∞ Binance –ø–µ—Ä–µ–≤–µ–ª –ª–∏—à–Ω–∏–µ 50 –±–∞–∫—Å–æ–≤. –ú–æ–∂–µ—à—å –≤–µ—Ä–Ω—É—Ç—å? –í–æ—Ç —Ö–µ—à —Ç—Ä–∞–Ω–∑–∞–∫—Ü–∏–∏.",1
50,Social_Eng,"–ü—Ä–∏–≤–µ—Ç! –ù–∞—à–µ–ª —Ç–µ–ª–µ—Ñ–æ–Ω –Ω–∞ —É–ª–∏—Ü–µ, –≤ –∫–æ–Ω—Ç–∞–∫—Ç–∞—Ö —Ç—ã –∑–∞–ø–∏—Å–∞–Ω –∫–∞–∫ '–ë—Ä–∞—Ç'. –ö–∞–∫ –≤–µ—Ä–Ω—É—Ç—å –≤–ª–∞–¥–µ–ª—å—Ü—É?",1
51,Social_Eng,"–ü—Ä–∏–≤–µ—Ç, –º—ã —Å–æ—Å–µ–¥–∏. –í–∞—Å —Ç–æ–ø–∏—Ç! –°—Ä–æ—á–Ω–æ –ø–µ—Ä–µ–∫—Ä–æ–π—Ç–µ –≤–æ–¥—É. –í–æ—Ç —Ñ–æ—Ç–æ —Ç–µ—á–∏: google-disk-fake-link",1
52,Social_Eng,"–ü—Ä–∏–≤–µ—Ç! –Ø —É–≤–æ–ª–∏–ª—Å—è, –Ω–æ —É –º–µ–Ω—è –æ—Å—Ç–∞–ª–∏—Å—å –¥–æ—Å—Ç—É–ø—ã –∫ –∫–æ—Ä–ø–æ—Ä–∞—Ç–∏–≤–Ω–æ–º—É –æ–±–ª–∞–∫—É. –ü—Ä–æ–¥–∞–º –±–∞–∑—ã –∫–ª–∏–µ–Ω—Ç–æ–≤ –¥–µ—à–µ–≤–æ.",1
53,TG_Phishing,"Telegram Security: –ú—ã –∑–∞—Ñ–∏–∫—Å–∏—Ä–æ–≤–∞–ª–∏ –ø–æ–ø—ã—Ç–∫—É –≤—Ö–æ–¥–∞ –∏–∑ –ò–Ω–¥–æ–Ω–µ–∑–∏–∏. –ü–æ–¥—Ç–≤–µ—Ä–¥–∏—Ç–µ, —á—Ç–æ —ç—Ç–æ –≤—ã, –Ω–∞–∂–∞–≤ '–î–∞' –≤ —Å–∏—Å—Ç–µ–º–Ω–æ–º —Å–æ–æ–±—â–µ–Ω–∏–∏.",1
54,Social_Eng,–í—Å—Ç—É–ø–∞–π –≤ VIP –∫–∞–Ω–∞–ª –ø–æ —Å–∏–≥–Ω–∞–ª–∞–º. 100% –ø—Ä–æ—Ö–æ–¥–∏–º–æ—Å—Ç—å. –ü–µ—Ä–≤—ã–µ 20 –º–µ—Å—Ç –±–µ—Å–ø–ª–∞—Ç–Ω–æ.,1
55,Crypto_Phishing,Airdrop Alert: –ü–æ–ª—É—á–∏ 100 USDT –∑–∞ —Ä–µ–≥–∏—Å—Ç—Ä–∞—Ü–∏—é –Ω–∞ –Ω–æ–≤–æ–π –±–∏—Ä–∂–µ. –°—Å—ã–ª–∫–∞:,1
56,IT_Malware,"–ü—Ä–∏–≤–µ—Ç, –Ω–µ –º–æ–≥—É –æ—Ç–∫—Ä—ã—Ç—å —Ç–≤–æ–π —Ñ–∞–π–ª —Å –∫–æ–¥–æ–º. –ü–æ—Å–º–æ—Ç—Ä–∏, —É –º–µ–Ω—è Word –≤—ã–¥–∞–µ—Ç –æ—à–∏–±–∫—É, —è –∑–∞—Å–∫—Ä–∏–Ω–∏–ª:",1
57,Social_Eng,"–ú–∞–º, —ç—Ç–æ —è. –¢–µ–ª–µ—Ñ–æ–Ω —Ä–∞–∑–±–∏–ª—Å—è, –ø–∏—à—É —Å —á—É–∂–æ–≥–æ. –°–∫–∏–Ω—å –¥–µ–Ω–µ–≥ –Ω–∞ –∫–∞—Ä—Ç—É –¥—Ä—É–≥–∞, —Å—Ä–æ—á–Ω–æ –Ω–∞–¥–æ.",1
58,TG_Phishing,–í–∞—à Telegram Premium –∏—Å—Ç–µ–∫–∞–µ—Ç –∑–∞–≤—Ç—Ä–∞. –ü—Ä–æ–¥–ª–∏—Ç–µ —Å–æ —Å–∫–∏–¥–∫–æ–π 50% —Ç—É—Ç:,1
59,Social_Eng,"–°–º–æ—Ç—Ä–∏, –Ω–µ–π—Ä–æ—Å–µ—Ç—å —Ä–∞–∑–¥–µ–ª–∞ —Ç–≤–æ—é –∑–Ω–∞–∫–æ–º—É—é –Ω–∞ —Ñ–æ—Ç–æ. –ë–æ—Ç —Ç—É—Ç: @nudify_fake_bot",1
60,Crypto_Phishing,MetaMask: –¢—Ä–µ–±—É–µ—Ç—Å—è –≤–µ—Ä–∏—Ñ–∏–∫–∞—Ü–∏—è KYC –¥–æ 01.01.2025. –ò–Ω–∞—á–µ —Å—Ä–µ–¥—Å—Ç–≤–∞ –±—É–¥—É—Ç –∑–∞–±–ª–æ–∫–∏—Ä–æ–≤–∞–Ω—ã.,1
61,Financial_Phishing,"–ë–æ—Ç —Ç–µ—Ö–ø–æ–¥–¥–µ—Ä–∂–∫–∏: –£–≤–∞–∂–∞–µ–º—ã–π –∫–ª–∏–µ–Ω—Ç, –∑–∞–º–µ—á–µ–Ω–∞ –ø–æ–¥–æ–∑—Ä–∏—Ç–µ–ª—å–Ω–∞—è –∞–∫—Ç–∏–≤–Ω–æ—Å—Ç—å –ø–æ –≤–∞—à–µ–π –∫–∞—Ä—Ç–µ. –î–ª—è –æ—Ç–º–µ–Ω—ã —Ç—Ä–∞–Ω–∑–∞–∫—Ü–∏–∏ –ø–µ—Ä–µ–π–¥–∏—Ç–µ –≤ –±–µ–∑–æ–ø–∞—Å–Ω—ã–π —á–∞—Ç –±–∞–Ω–∫–∞: @Sber_Support_Official_Fake",1
62,Financial_Phishing,–¢–∏–Ω—å–∫–æ—Ñ—Ñ –ò–Ω–≤–µ—Å—Ç–∏—Ü–∏–∏: –í–∞–º –Ω–∞—á–∏—Å–ª–µ–Ω –ø–æ–¥–∞—Ä–æ—á–Ω—ã–π –ø–∞–∫–µ—Ç –∞–∫—Ü–∏–π –Ω–∞ —Å—É–º–º—É 5000—Ä. –ê–∫—Ç–∏–≤–∏—Ä–æ–≤–∞—Ç—å –¥–æ –ø–æ–ª—É–Ω–æ—á–∏:,1
63,Marketplace_Scam,Wildberries: –í–∞—à –∑–∞–∫–∞–∑ –∑–∞–¥–µ—Ä–∂–∏–≤–∞–µ—Ç—Å—è. –ú—ã –Ω–∞—á–∏—Å–ª–∏–ª–∏ –∫–æ–º–ø–µ–Ω—Å–∞—Ü–∏—é 1000—Ä. –û—Ñ–æ—Ä–º–∏—Ç–µ –≤–æ–∑–≤—Ä–∞—Ç –Ω–∞ –∫–∞—Ä—Ç—É:,1
64,Marketplace_Scam,"–ê–≤–∏—Ç–æ: –ü–æ–∫—É–ø–∞—Ç–µ–ª—å –æ–ø–ª–∞—Ç–∏–ª —Ç–æ–≤–∞—Ä —Å –¥–æ—Å—Ç–∞–≤–∫–æ–π. –ü–æ–ª—É—á–∏—Ç–µ —Å—Ä–µ–¥—Å—Ç–≤–∞, –Ω–∞–∂–∞–≤ –∫–Ω–æ–ø–∫—É '–ü–æ–ª—É—á–∏—Ç—å' –≤ –Ω–∞—à–µ–º –±–æ—Ç–µ: @avito_delivery_pay_bot",1
65,Crypto_Scam,–ò–Ω—Å–∞–π–¥–µ—Ä—Å–∫–∞—è –∏–Ω—Ñ–æ—Ä–º–∞—Ü–∏—è! –ó–∞–≤—Ç—Ä–∞ –ø–∞–º–ø–∏–º –º–æ–Ω–µ—Ç—É #SCAMCOIN. –ó–∞–∫—É–ø–∞–µ–º –Ω–∞ –≤—Å—é –∫–æ—Ç–ª–µ—Ç—É –≤ 12:00 –ú–°–ö. –°—Å—ã–ª–∫–∞ –Ω–∞ –±–∏—Ä–∂—É: ...,1
66,Social_Eng,"–ü—Ä–∏–≤–µ—Ç! –ü—Ä–æ—Å—Ç–∏, —á—Ç–æ –±–µ—Å–ø–æ–∫–æ—é. –Ø –≤–æ–ª–æ–Ω—Ç–µ—Ä, —Å–æ–±–∏—Ä–∞–µ–º –¥–µ–Ω—å–≥–∏ –Ω–∞ –æ–ø–µ—Ä–∞—Ü–∏—é —Å–æ–±–∞–∫–µ, –∫–æ—Ç–æ—Ä—É—é —Å–±–∏–ª–∞ –º–∞—à–∏–Ω–∞. –°–∫–∏–Ω—É —Ñ–æ—Ç–æ –∏ —Å–ø—Ä–∞–≤–∫–∏. –ü–æ–º–æ–∂–µ—à—å –ª—é–±–æ–π —Å—É–º–º–æ–π?",1
67,TG_Phishing,–°–∏—Å—Ç–µ–º–Ω–æ–µ —Å–æ–æ–±—â–µ–Ω–∏–µ: –î–µ–π—Å—Ç–≤–∏–µ –≤–∞—à–µ–≥–æ –∞–∫–∫–∞—É–Ω—Ç–∞ –ø—Ä–∏–æ—Å—Ç–∞–Ω–æ–≤–ª–µ–Ω–æ. –ü—Ä–∏—á–∏–Ω–∞: –ù–∞—Ä—É—à–µ–Ω–∏–µ —É—Å–ª–æ–≤–∏–π –∏—Å–ø–æ–ª—å–∑–æ–≤–∞–Ω–∏—è. –û–±–∂–∞–ª–æ–≤–∞—Ç—å:,1
68,IT_Malware,"–ü—Ä–∏–≤–µ—Ç! –Ø –Ω–∞—á–∏–Ω–∞—é—â–∏–π —Ñ—Ä–∏–ª–∞–Ω—Å–µ—Ä, —Å–¥–µ–ª–∞–ª –ø–æ—Ä—Ç—Ñ–æ–ª–∏–æ. –ú–æ–∂–µ—à—å –æ—Ü–µ–Ω–∏—Ç—å –¥–∏–∑–∞–π–Ω —Å–∞–π—Ç–∞? –°—Å—ã–ª–∫–∞ –Ω–∞ —Ñ–∏–≥–º—É –Ω–µ —Ä–∞–±–æ—Ç–∞–µ—Ç, —Å–∫–∏–Ω—É–ª HTML —Ñ–∞–π–ª–æ–º:",1
69,Crypto_Drainer,–ë–µ—Å–ø–ª–∞—Ç–Ω—ã–π –º–∏–Ω—Ç NFT –∏–∑ –∫–æ–ª–ª–µ–∫—Ü–∏–∏ Bored Ape! –û—Å—Ç–∞–ª–æ—Å—å 50 —à—Ç—É–∫. –ú–∏–Ω—Ç–∏—Ç—å —Ç—É—Ç:,1
70,Social_Eng,"–°–ª—É—à–∞–π, —É –º–µ–Ω—è –∫–∞—Ä—Ç–∞ –∑–∞–±–ª–æ–∫–∏—Ä–æ–≤–∞–ª–∞—Å—å, –∞ –Ω—É–∂–Ω–æ —Å—Ä–æ—á–Ω–æ –∑–∞ –∏–Ω—Ç–µ—Ä–Ω–µ—Ç –∑–∞–ø–ª–∞—Ç–∏—Ç—å 500—Ä. –ö–∏–Ω—å –Ω–∞ —ç—Ç–æ—Ç –Ω–æ–º–µ—Ä, —è –∑–∞–≤—Ç—Ä–∞ –≤–µ—Ä–Ω—É 1000.",1
71,Financial_Phishing,–ì–æ—Å—É—Å–ª—É–≥–∏: –í–∞–º –æ–¥–æ–±—Ä–µ–Ω–∞ –≤—ã–ø–ª–∞—Ç–∞ 10 000 —Ä—É–±–ª–µ–π –ø–æ –Ω–æ–≤–æ–º—É —É–∫–∞–∑—É. –ü—Ä–æ–≤–µ—Ä—å—Ç–µ —Å–ø–∏—Å–∫–∏ –ø–æ–ª—É—á–∞—Ç–µ–ª–µ–π:,1
72,IT_Malware,"–°–∫–∞—á–∞–π —ç—Ç–æ—Ç —á–∏—Ç –Ω–∞ CS2, —Ç–∞–º –≤—Ö –∏ –∞–∏–º, –≤–∞–∫ –Ω–µ –ø–∞–ª–∏—Ç. –ü–∞—Ä–æ–ª—å –æ—Ç –∞—Ä—Ö–∏–≤–∞ 111.",1
73,Work_Scam,"–¢—Ä–µ–±—É–µ—Ç—Å—è –º–µ–Ω–µ–¥–∂–µ—Ä –Ω–∞ —É–¥–∞–ª–µ–Ω–∫—É. –ó–∞–¥–∞—á–∞: –æ—Ç–≤–µ—á–∞—Ç—å –Ω–∞ —Å–æ–æ–±—â–µ–Ω–∏—è. –ó–ü –æ—Ç 3000 –≤ –¥–µ–Ω—å. –û–±—É—á–µ–Ω–∏–µ –±–µ—Å–ø–ª–∞—Ç–Ω–æ, –ø–∏—à–∏—Ç–µ –º–µ–Ω–µ–¥–∂–µ—Ä—É: @hr_manager_fake",1
74,Crypto_Scam,–ü—Ä–∏–≤–µ—Ç! –Ø —Ç—Ä–µ–π–¥–µ—Ä —Å 10-–ª–µ—Ç–Ω–∏–º –æ–ø—ã—Ç–æ–º. –í–æ–∑—å–º—É 3 —á–µ–ª–æ–≤–µ–∫ –Ω–∞ –¥–æ–≤–µ—Ä–∏—Ç–µ–ª—å–Ω–æ–µ —É–ø—Ä–∞–≤–ª–µ–Ω–∏–µ. –î–µ–ø–æ–∑–∏—Ç –æ—Ç 100$. –ì–∞—Ä–∞–Ω—Ç–∏—è –ø—Ä–∏–±—ã–ª–∏.,1
75,Social_Eng,"–ü–æ—Å–º–æ—Ç—Ä–∏, —Ç—É—Ç –ø—Ä–æ —Ç–µ–±—è –≥–∞–¥–æ—Å—Ç–∏ –ø–∏—à—É—Ç –≤ –∫–æ–º–º–µ–Ω—Ç–∞—Ä–∏—è—Ö! –Ø –≤ —à–æ–∫–µ. –°—Å—ã–ª–∫–∞:",1
76,Social_Eng,"–ü—Ä–∏–≤–µ—Ç, —É–∑–Ω–∞–ª? –ú—ã —É—á–∏–ª–∏—Å—å –≤–º–µ—Å—Ç–µ. –£ –º–µ–Ω—è –Ω–æ–≤—ã–π –∞–∫–∫–∞—É–Ω—Ç.",1
77,Crypto_Phishing,–û—à–∏–±–∫–∞ –ø–æ–¥–∫–ª—é—á–µ–Ω–∏—è. –í–∞—à Trust Wallet —Ä–∞–±–æ—Ç–∞–µ—Ç –Ω–µ–∫–æ—Ä—Ä–µ–∫—Ç–Ω–æ. –¢—Ä–µ–±—É–µ—Ç—Å—è –ø–æ–≤—Ç–æ—Ä–Ω–∞—è –∞–≤—Ç–æ—Ä–∏–∑–∞—Ü–∏—è –≤ dApp.,1
78,TG_Phishing,–í–∞–º –ø—Ä–µ–¥–æ—Å—Ç–∞–≤–ª–µ–Ω –¥–æ—Å—Ç—É–ø –∫ –∑–∞–∫—Ä—ã—Ç–æ–º—É –∫–∞–Ω–∞–ª—É '–ó–∞—Ä–∞–±–æ—Ç–æ–∫ –æ—Ç 100–∫'. –°—Å—ã–ª–∫–∞ –¥–µ–π—Å—Ç–≤–∏—Ç–µ–ª—å–Ω–∞ 5 –º–∏–Ω—É—Ç: [Join Channel],1
79,Social_Eng,"–ü—Ä–æ–¥–∞—é –ê–π—Ñ–æ–Ω 14 –ü—Ä–æ, –ø–æ–¥–∞—Ä–∏–ª–∏, –∞ –º–Ω–µ –Ω–µ –Ω—É–∂–µ–Ω. –ù–æ–≤—ã–π, –≤ –ø–ª–µ–Ω–∫–µ. –û—Ç–¥–∞–º –∑–∞ –ø–æ–ª—Ü–µ–Ω—ã, —Å—Ä–æ—á–Ω–æ –Ω—É–∂–Ω—ã –¥–µ–Ω—å–≥–∏. –ü–∏—à–∏ –≤ –ª—Å.",1
80,IT_Malware,–°—Ä–æ—á–Ω–æ –æ–±–Ω–æ–≤–∏ Adobe Flash Player –¥–ª—è –ø—Ä–æ—Å–º–æ—Ç—Ä–∞ —ç—Ç–æ–≥–æ –≤–∏–¥–µ–æ.,1
81,Crypto_Scam,"–ú–∞–π–Ω–∏–Ω–≥ –æ—Ç–µ–ª—å. –ü—Ä–æ–¥–∞–µ–º –æ–±–æ—Ä—É–¥–æ–≤–∞–Ω–∏–µ Antminer S19. –†–∞–∑–º–µ—â–µ–Ω–∏–µ —É –Ω–∞—Å, —ç–ª–µ–∫—Ç—Ä–∏—á–µ—Å—Ç–≤–æ 2—Ä. –û–∫—É–ø–∞–µ–º–æ—Å—Ç—å 3 –º–µ—Å—è—Ü–∞.",1
82,Social_Eng,"–î–µ–≤—É—à–∫–∞, –º–æ–∂–Ω–æ —Å –≤–∞–º–∏ –ø–æ–∑–Ω–∞–∫–æ–º–∏—Ç—å—Å—è? –Ø —Ñ–æ—Ç–æ–≥—Ä–∞—Ñ, –∏—â—É –º–æ–¥–µ–ª—å —Ç–∏–ø–∞–∂–∞ –∫–∞–∫ –≤—ã. –í–æ—Ç –ø—Ä–∏–º–µ—Ä—ã –º–æ–∏—Ö —Ä–∞–±–æ—Ç: (–≤–∏—Ä—É—Å)",1
83,Financial_Phishing,–§–°–°–ü: –ù–∞ –≤–∞—Å –∑–∞–≤–µ–¥–µ–Ω–æ –∏—Å–ø–æ–ª–Ω–∏—Ç–µ–ª—å–Ω–æ–µ –ø—Ä–æ–∏–∑–≤–æ–¥—Å—Ç–≤–æ. –í–∞—à–∏ —Å—á–µ—Ç–∞ –±—É–¥—É—Ç –∞—Ä–µ—Å—Ç–æ–≤–∞–Ω—ã. –£–∑–Ω–∞—Ç—å –ø–æ–¥—Ä–æ–±–Ω–æ—Å—Ç–∏:,1
84,Marketplace_Scam,CDEK: –ö—É—Ä—å–µ—Ä –Ω–µ –∑–∞—Å—Ç–∞–ª –≤–∞—Å –¥–æ–º–∞. –û–ø–ª–∞—Ç–∏—Ç–µ –ø–æ–≤—Ç–æ—Ä–Ω—É—é –¥–æ—Å—Ç–∞–≤–∫—É (150 —Ä—É–±) –ø–æ —Å—Å—ã–ª–∫–µ.,1
85,Work_Scam,–ó–∞—Ä–∞–±–æ—Ç–æ–∫ –Ω–∞ –æ–±—Ä–∞—Ç–Ω–æ–º –≤—ã–∫—É–ø–µ —Ç–æ–≤–∞—Ä–æ–≤. –ù—É–∂–µ–Ω –¥–µ–ø–æ–∑–∏—Ç –¥–ª—è —Å—Ç–∞—Ä—Ç–∞.,1
86,Crypto_Scam,–ë–∏—Ä–∂–∞ Binance –∑–∞–∫—Ä—ã–≤–∞–µ—Ç —Ä–µ–≥–∏—Å—Ç—Ä–∞—Ü–∏—é –¥–ª—è —Ä–æ—Å—Å–∏—è–Ω. –£—Å–ø–µ–π—Ç–µ –≤—ã–≤–µ—Å—Ç–∏ –∞–∫—Ç–∏–≤—ã –Ω–∞ –Ω–∞—à—É –ø–∞—Ä—Ç–Ω–µ—Ä—Å–∫—É—é –±–∏—Ä–∂—É.,1
87,Social_Eng,"–ü—Ä–∏–≤–µ—Ç! –Ø –∞–¥–º–∏–Ω–∏—Å—Ç—Ä–∞—Ç–æ—Ä –∫–∞–Ω–∞–ª–∞, –≤ –∫–æ—Ç–æ—Ä–æ–º –≤—ã –≤—ã–∏–≥—Ä–∞–ª–∏ —Ä–µ–∫–ª–∞–º—É. –î–ª—è —Ä–∞–∑–º–µ—â–µ–Ω–∏—è –ø—Ä–∏—à–ª–∏—Ç–µ –ø–æ—Å—Ç –∏ –æ–ø–ª–∞—Ç—É –≥–∞—Ä–∞–Ω—Ç—É.",1
88,IT_Malware,"–ö—Ä—è–∫ –¥–ª—è Photoshop 2024. –ë–µ–∑ –≤–∏—Ä—É—Å–æ–≤, –ø—Ä–æ–≤–µ—Ä–µ–Ω–æ. –°—Å—ã–ª–∫–∞ –Ω–∞ –Ø–Ω–¥–µ–∫—Å.–î–∏—Å–∫: ...",1
89,TG_Phishing,"–í–∞—à –Ω–æ–º–µ—Ä —Ç–µ–ª–µ—Ñ–æ–Ω–∞ –±—ã–ª –æ—Ç–≤—è–∑–∞–Ω –æ—Ç –∞–∫–∫–∞—É–Ω—Ç–∞ Telegram. –ï—Å–ª–∏ —ç—Ç–æ –Ω–µ –≤—ã, –Ω–∞–∂–º–∏—Ç–µ: [–û—Ç–º–µ–Ω–∏—Ç—å –¥–µ–π—Å—Ç–≤–∏–µ]",1
90,Social_Eng,"–°–ª—É—à–∞–π, –º–æ–∂–µ—à—å –ø—Ä–æ–≥–æ–ª–æ—Å–æ–≤–∞—Ç—å –∑–∞ –ø–µ—Ç–∏—Ü–∏—é –ø—Ä–æ—Ç–∏–≤ –∑–∞—Å—Ç—Ä–æ–π–∫–∏ –ø–∞—Ä–∫–∞? –û—á–µ–Ω—å –≤–∞–∂–Ω–æ! –ù—É–∂–Ω–æ –∞–≤—Ç–æ—Ä–∏–∑–æ–≤–∞—Ç—å—Å—è —á–µ—Ä–µ–∑ —Ç–µ–ª–µ–≥—É.",1
91,Crypto_Scam,–≠–∫—Å–∫–ª—é–∑–∏–≤–Ω—ã–π –ø—Ä–µ—Å–µ–π–ª —Ç–æ–∫–µ–Ω–∞ –ü–∞–≤–ª–∞ –î—É—Ä–æ–≤–∞! –¢–æ–ª—å–∫–æ 24 —á–∞—Å–∞. –û—Ç–ø—Ä–∞–≤–ª—è–π—Ç–µ TON –Ω–∞ –∫–æ—à–µ–ª–µ–∫...,1
92,Financial_Phishing,–í–∞–º –Ω–∞—á–∏—Å–ª–µ–Ω–∞ –∫–æ–º–ø–µ–Ω—Å–∞—Ü–∏—è –∑–∞ —É—Ç–µ—á–∫—É –ø–µ—Ä—Å–æ–Ω–∞–ª—å–Ω—ã—Ö –¥–∞–Ω–Ω—ã—Ö. –°—É–º–º–∞: 25 000 —Ä—É–±. –ü–æ–ª—É—á–∏—Ç—å: ...,1
93,Social_Eng,"–ú–∞–º, —è —Ç–µ–ª–µ—Ñ–æ–Ω –ø–æ—Ç–µ—Ä—è–ª–∞, –ø–∏—à—É —Å —Ä–∞–±–æ—á–µ–≥–æ. –°–∫–∏–Ω—å 2000—Ä –Ω–∞ –∫–∞—Ä—Ç—É –∫–æ–ª–ª–µ–≥–∏, —è —Ç–∞–∫—Å–∏ –≤—ã–∑–æ–≤—É –∏ –ø—Ä–∏–µ–¥—É.",1
94,IT_Malware,–°–∫—Ä–∏–ø—Ç –¥–ª—è –Ω–∞–∫—Ä—É—Ç–∫–∏ –ø–æ–¥–ø–∏—Å—á–∏–∫–æ–≤ –≤ –ò–Ω—Å—Ç–∞–≥—Ä–∞–º. –ë–µ—Å–ø–ª–∞—Ç–Ω–æ.,1
95,Crypto_Phishing,Ledger: –û–±–Ω–∞—Ä—É–∂–µ–Ω–∞ –ø–æ–ø—ã—Ç–∫–∞ –≤–∑–ª–æ–º–∞ –≤–∞—à–µ–≥–æ —É—Å—Ç—Ä–æ–π—Å—Ç–≤–∞. –°—Ä–æ—á–Ω–æ –ø–µ—Ä–µ–Ω–µ—Å–∏—Ç–µ —Å—Ä–µ–¥—Å—Ç–≤–∞ –Ω–∞ –≤—Ä–µ–º–µ–Ω–Ω—ã–π –±–µ–∑–æ–ø–∞—Å–Ω—ã–π –∫–æ—à–µ–ª–µ–∫.,1
96,Social_Eng,"–ü—Ä–∏–≤–µ—Ç! –£ —Ç–µ–±—è –µ—Å—Ç—å –∫–∞—Ä—Ç–∞ –°–±–µ—Ä–∞? –ú–Ω–µ –ø–µ—Ä–µ–≤–æ–¥ –¥–æ–ª–∂–Ω—ã —Å–∫–∏–Ω—É—Ç—å, –∞ —É –º–µ–Ω—è –ª–∏–º–∏—Ç—ã. –ü—Ä–∏–º–∏, –∞ –ø–æ—Ç–æ–º –º–Ω–µ –ø–µ—Ä–µ–∫–∏–Ω–µ—à—å, —è 10% –æ—Å—Ç–∞–≤–ª—é —Ç–µ–±–µ.",1
97,TG_Phishing,"–ê–¥–º–∏–Ω–∏—Å—Ç—Ä–∞—Ü–∏—è Telegram: –ú—ã –ø—Ä–æ–≤–æ–¥–∏–º –ø—Ä–æ–≤–µ—Ä–∫—É –Ω–∞ –±–æ—Ç–æ–≤. –†–µ—à–∏—Ç–µ –∫–∞–ø—á—É, –ø–µ—Ä–µ–π–¥—è –ø–æ —Å—Å—ã–ª–∫–µ, –∏–Ω–∞—á–µ –±–∞–Ω.",1
98,Marketplace_Scam,–û–∑–æ–Ω: –í—ã –≤—ã–∏–≥—Ä–∞–ª–∏ iPhone 15! –û–ø–ª–∞—Ç–∏—Ç–µ —Ç–æ–ª—å–∫–æ —Ç–∞–º–æ–∂–µ–Ω–Ω—É—é –ø–æ—à–ª–∏–Ω—É 500 —Ä—É–±.,1
99,IT_Malware,"–î—Ä–∞–π–≤–µ—Ä–∞ –¥–ª—è —Ç–≤–æ–µ–π –≤–∏–¥–µ–æ–∫–∞—Ä—Ç—ã, –æ–ø—Ç–∏–º–∏–∑–∏—Ä–æ–≤–∞–Ω–Ω—ã–µ –¥–ª—è –∏–≥—Ä. FPS +30%.",1
100,Social_Eng,"–ì–∞–¥–∞–Ω–∏–µ –Ω–∞ –∫–∞—Ä—Ç–∞—Ö –¢–∞—Ä–æ. –ü–µ—Ä–≤—ã–π —Ä–∞—Å–∫–ª–∞–¥ –±–µ—Å–ø–ª–∞—Ç–Ω–æ, –Ω–æ –Ω—É–∂–Ω–∞ –≤–µ—Ä–∏—Ñ–∏–∫–∞—Ü–∏—è –≤–æ–∑—Ä–∞—Å—Ç–∞ (—Ñ–æ—Ç–æ –ø–∞—Å–ø–æ—Ä—Ç–∞).",1
101,General,–ü—Ä–∏–≤–µ—Ç! –ö–∞–∫ –¥–µ–ª–∞? –ú—ã —Å–µ–≥–æ–¥–Ω—è —Å–æ–±–∏—Ä–∞–µ–º—Å—è –≤ –±–∞—Ä –≤–µ—á–µ—Ä–æ–º?,0
102,General,"–û–∫, –¥–æ–≥–æ–≤–æ—Ä–∏–ª–∏—Å—å. –ë—É–¥—É –≤ 19:00.",0
103,Work_IT,"–ö–æ–ª–ª–µ–≥–∏, –¥–æ–±—Ä–æ–µ —É—Ç—Ä–æ. –ù–∞–ø–æ–º–∏–Ω–∞—é, –¥–µ–π–ª–∏ –º–∏—Ç–∏–Ω–≥ —á–µ—Ä–µ–∑ 15 –º–∏–Ω—É—Ç –≤ –ó—É–º–µ.",0
104,Work_IT,"–°–ª—É—à–∞–π, –∞ —Ç—ã –Ω–µ –ø–æ–º–Ω–∏—à—å, –≥–¥–µ –ª–µ–∂–∏—Ç –¥–æ–∫—É–º–µ–Ω—Ç–∞—Ü–∏—è –ø–æ API? –ö–∏–Ω—å —Å—Å—ã–ª–∫—É –Ω–∞ –∫–æ–Ω—Ñ–ª—é–µ–Ω—Å, –ø–ª–∑.",0
105,Crypto_Legit,"–í–∏–¥–µ–ª, —á—Ç–æ –±–∏—Ç–æ–∫ —Å–µ–≥–æ–¥–Ω—è –ø—Ä–æ—Å–µ–ª –Ω–∞ 5%? –ñ–µ—Å—Ç—å, —Ä—ã–Ω–æ–∫ –∫—Ä–∞—Å–Ω—ã–π.",0
106,General,"–ú–∞–º, –ø—Ä–∏–≤–µ—Ç, —è –¥–æ–µ—Ö–∞–ª, –≤—Å–µ –Ω–æ—Ä–º–∞–ª—å–Ω–æ. –ó–∞–≤—Ç—Ä–∞ –ø–æ–∑–≤–æ–Ω—é.",0
107,Work_IT,"–Ø –∑–∞–ø—É—à–∏–ª –≤–µ—Ç–∫—É fix-auth-bug, –º–æ–∂–µ—à—å —Å–¥–µ–ª–∞—Ç—å –∫–æ–¥-—Ä–µ–≤—å—é, –∫–æ–≥–¥–∞ –æ—Å–≤–æ–±–æ–¥–∏—à—å—Å—è?",0
108,General,"–°–∫–∏–Ω—å —Ñ–æ—Ç–∫–∏ —Å–æ –≤—á–µ—Ä–∞—à–Ω–µ–≥–æ –¥–Ω—è, —Ö–æ—á—É –ø–æ—Å–º–æ—Ç—Ä–µ—Ç—å.",0
109,Work_Files,"–û—Ç–ø—Ä–∞–≤–ª—è—é –ø—Ä–µ–∑–µ–Ω—Ç–∞—Ü–∏—é –¥–ª—è –∑–∞–≤—Ç—Ä–∞—à–Ω–µ–π –≤—Å—Ç—Ä–µ—á–∏. –ü–æ—Å–º–æ—Ç—Ä–∏—Ç–µ —Å–ª–∞–π–¥ 5, —Ç–∞–º –≤–æ–ø—Ä–æ—Å—ã –±—ã–ª–∏.",0
110,Crypto_Legit,"–¢—ã –ø–æ–ª—å–∑—É–µ—à—å—Å—è Ledger –∏–ª–∏ Trezor? –•–æ—á—É —Ö–æ–ª–æ–¥–Ω—ã–π –∫–æ—à–µ–ª–µ–∫ –∫—É–ø–∏—Ç—å, –≤—ã–±–∏—Ä–∞—é.",0
111,General,"–ù–µ, —Å–µ–≥–æ–¥–Ω—è –Ω–µ —Å–º–æ–≥—É, —Ä–∞–±–æ—Ç—ã –∑–∞–≤–∞–ª. –î–∞–≤–∞–π –Ω–∞ –≤—ã—Ö–æ–¥–Ω—ã—Ö?",0
112,Work_IT,"–õ–æ–≥–∏ –ø–æ—Å–º–æ—Ç—Ä–µ–ª, —Ç–∞–º –æ—à–∏–±–∫–∞ 500. –ü–æ—Ö–æ–∂–µ, –±–∞–∑–∞ –æ—Ç–≤–∞–ª–∏–ª–∞—Å—å. –°–µ–π—á–∞—Å –∞–¥–º–∏–Ω—É –Ω–∞–ø–∏—à—É.",0
113,General,–°–ø–∞—Å–∏–±–æ –±–æ–ª—å—à–æ–µ! –í—ã—Ä—É—á–∏–ª.,0
114,General,"–ü—Ä–∏–≤–µ—Ç, —Å –¥–Ω–µ–º —Ä–æ–∂–¥–µ–Ω–∏—è! üéâ –ñ–µ–ª–∞—é –≤—Å–µ–≥–æ —Å–∞–º–æ–≥–æ –∫—Ä—É—Ç–æ–≥–æ!",0
115,Work_IT,"–¢–∞–º –Ω–æ–≤—ã–π —Ä–µ–ª–∏–∑ –ü–∏—Ç–æ–Ω–∞ –≤—ã—à–µ–ª, 3.12. –ß–∏—Ç–∞–ª —á–µ–Ω–¥–∂–ª–æ–≥? –ú–Ω–æ–≥–æ –∏–Ω—Ç–µ—Ä–µ—Å–Ω–æ–≥–æ.",0
116,Crypto_Legit,"–†–µ–±—è—Ç, –∫—Ç–æ-–Ω–∏–±—É–¥—å –ø—Ä–æ–±–æ–≤–∞–ª —Å—Ç–µ–π–∫–∏–Ω–≥ –Ω–∞ —ç—Ç–æ–π –ø–ª–∞—Ç—Ñ–æ—Ä–º–µ? –í—Ä–æ–¥–µ –æ—Ç–∑—ã–≤—ã –Ω–æ—Ä–º, –Ω–æ –ø—Ä–æ—Ü–µ–Ω—Ç—ã –º–∞–ª–µ–Ω—å–∫–∏–µ.",0
117,General,"–ü–µ—Ä–µ—à–ª–∏ –º–Ω–µ –Ω–æ–º–µ—Ä —Ç–µ–ª–µ—Ñ–æ–Ω–∞ –¥–æ—Å—Ç–∞–≤–∫–∏, –ø–æ–∂–∞–ª—É–π—Å—Ç–∞.",0
118,Work_IT,"–°–∫–∏–Ω—å —Å—Å—ã–ª–∫—É –Ω–∞ —Ä–µ–ø–æ–∑–∏—Ç–æ—Ä–∏–π, —è —Å–∫–ª–æ–Ω–∏—Ä—É—é –∏ –≥–ª—è–Ω—É –ª–æ–∫–∞–ª—å–Ω–æ.",0
119,General,–ì–æ–ª–æ—Å–æ–≤–æ–µ —Å–æ–æ–±—â–µ–Ω–∏–µ (0:15),0
120,General,"–î–∞, —è –≤–∏–¥–µ–ª. –ü—Ä–∏–∫–æ–ª—å–Ω—ã–π –º–µ–º üòÇ",0
121,Work_Files,"–í–æ—Ç –¥–æ–≥–æ–≤–æ—Ä, –∫–æ—Ç–æ—Ä—ã–π —é—Ä–∏—Å—Ç—ã —Å–æ–≥–ª–∞—Å–æ–≤–∞–ª–∏. –ü–æ–¥–ø–∏—à–∏ –∏ –æ—Ç–ø—Ä–∞–≤—å —Å–∫–∞–Ω –æ–±—Ä–∞—Ç–Ω–æ.",0
122,Work_IT,"–£ –º–µ–Ω—è Docker –Ω–µ —Å–æ–±–∏—Ä–∞–µ—Ç—Å—è, –∫–∞–∫–∞—è-—Ç–æ –æ—à–∏–±–∫–∞ —Å –∑–∞–≤–∏—Å–∏–º–æ—Å—Ç—è–º–∏. –©–∞ —Å–∫—Ä–∏–Ω —Å–∫–∏–Ω—É.",0
123,Crypto_Legit,TON Space –¥–æ–±–∞–≤–∏–ª–∏ –≤ –æ—Å–Ω–æ–≤–Ω–æ–µ –º–µ–Ω—é. –£–¥–æ–±–Ω–æ —Å—Ç–∞–ª–æ.,0
124,General,"–°–ª—É—à–∞–π, —Ç—ã –Ω–µ –∑–Ω–∞–µ—à—å, –∫–∞–∫ –≤ –≠–∫—Å–µ–ª–µ –í–ü–† –¥–µ–ª–∞—Ç—å? –ó–∞–±—ã–ª —Ñ–æ—Ä–º—É–ª—É.",0
125,General,"–Ø –≤ –º–∞–≥–∞–∑–∏–Ω–µ, —Ç–µ–±–µ —á—Ç–æ-–Ω–∏–±—É–¥—å –≤–∑—è—Ç—å?",0
126,Work_IT,"–ù–∞ –ø—Ä–æ–¥ –Ω–µ –∫–∞—Ç–∏ –ø–æ–∫–∞, —Ç–∞–º –±–∞–≥ –∫—Ä–∏—Ç–∏—á–Ω—ã–π –Ω–∞—à–ª–∏ —Ç–µ—Å—Ç–µ—Ä–æ–≤—â–∏–∫–∏.",0
127,General,–î–æ–±—Ä–æ–π –Ω–æ—á–∏! –ó–∞–≤—Ç—Ä–∞ –Ω–∞ —Å–≤—è–∑–∏.,0
128,Crypto_Legit,"–°–∫–∏–Ω—å –∞–¥—Ä–µ—Å —Å–≤–æ–µ–≥–æ –∫–æ—à–µ–ª—å–∫–∞, —è —Ç–µ–±–µ —Ç–µ—Å—Ç–æ–≤—ã–µ —Ç–æ–∫–µ–Ω—ã –ø–µ—Ä–µ–≤–µ–¥—É –¥–ª—è –ø—Ä–æ–≤–µ—Ä–∫–∏.",0
129,General,"–ê —Ç—ã —Å–º–æ—Ç—Ä–µ–ª –Ω–æ–≤—ã–π —Ñ–∏–ª—å–º –ù–æ–ª–∞–Ω–∞? –ì–æ–≤–æ—Ä—è—Ç, —à–µ–¥–µ–≤—Ä.",0
130,Work_IT,–ü—Ä–∏–≤–µ—Ç. –ú–æ–∂–µ—à—å –¥–∞—Ç—å –¥–æ—Å—Ç—É–ø –∫ –∞–Ω–∞–ª–∏—Ç–∏–∫–µ –≤ Google GA4? –ü–æ—á—Ç–∞ myname@,0
131,General,"–û–ø–ª–∞—Ç–∏–ª –∏–Ω—Ç–µ—Ä–Ω–µ—Ç, —á–µ–∫ –≤ –ª–∏—á–∫–µ.",0
132,General,"–ú—ã –æ–ø–∞–∑–¥—ã–≤–∞–µ–º –º–∏–Ω—É—Ç –Ω–∞ 10, –ø—Ä–æ–±–∫–∏ –∂—É—Ç–∫–∏–µ.",0
133,Work_Files,–¢–ó –Ω–∞ —Ä–∞–∑—Ä–∞–±–æ—Ç–∫—É,0
134,Work_IT,"–ù–∞–¥–æ –±—ã —Å–µ—Ä—Ç–∏—Ñ–∏–∫–∞—Ç—ã SSL –æ–±–Ω–æ–≤–∏—Ç—å, —á–µ—Ä–µ–∑ –Ω–µ–¥–µ–ª—é –∏—Å—Ç–µ–∫–∞—é—Ç. –ü–æ—Å—Ç–∞–≤—å –∑–∞–¥–∞—á—É –≤ –¥–∂–∏—Ä—É.",0
135,General,"–ü—Ä–∏–≤–µ—Ç, –¥–∞–≤–Ω–æ –Ω–µ –≤–∏–¥–µ–ª–∏—Å—å! –ö–∞–∫ –∂–∏–∑–Ω—å –º–æ–ª–æ–¥–∞—è?",0
136,Crypto_Legit,"–ù–µ, —è –≤ —â–∏—Ç–∫–æ–∏–Ω—ã –Ω–µ –ª–µ–∑—É, —Å–ª–∏—à–∫–æ–º —Ä–∏—Å–∫–æ–≤–∞–Ω–Ω–æ. –¢–æ–ª—å–∫–æ ETH –∏ BTC –¥–µ—Ä–∂—É.",0
137,General,–£ —Ç–µ–±—è –µ—Å—Ç—å –∑–∞—Ä—è–¥–∫–∞ –¥–ª—è –∞–π—Ñ–æ–Ω–∞? –ú–æ—è —Å–ª–æ–º–∞–ª–∞—Å—å.,0
138,Work_IT,"–ü–æ–¥–∫–ª—é—á–∏—Å—å –∫ VPN, –∏–Ω–∞—á–µ –≤–Ω—É—Ç—Ä–µ–Ω–Ω–∏–µ —Ä–µ—Å—É—Ä—Å—ã –Ω–µ –æ—Ç–∫—Ä–æ—é—Ç—Å—è.",0
139,General,"–°–∫–∏–Ω—å –≥–µ–æ–ª–æ–∫–∞—Ü–∏—é, –Ω–µ –º–æ–≥—É –Ω–∞–π—Ç–∏ –≤—Ö–æ–¥.",0
140,General,"–ó–∞–∫–∞–∑–∞–ª –ø–∏—Ü—Ü—É, –±—É–¥–µ—Ç —á–µ—Ä–µ–∑ 40 –º–∏–Ω—É—Ç.",0
141,Work_IT,–ö–∞–∫–æ–π –ø–∞—Ä–æ–ª—å –æ—Ç —Ç–µ—Å—Ç–æ–≤–æ–≥–æ –≤–∞–π—Ñ–∞—è? Guest123 –Ω–µ –ø–æ–¥—Ö–æ–¥–∏—Ç.,0
142,Crypto_Legit,–ß–∏—Ç–∞–ª —Å—Ç–∞—Ç—å—é –Ω–∞ –•–∞–±—Ä–µ –ø—Ä–æ –±–ª–æ–∫—á–µ–π–Ω? –¢–∞–º —Ö–æ—Ä–æ—à–æ —Ä–∞—Å–ø–∏—Å–∞–ª–∏ –ø—Ä–æ –∞–ª–≥–æ—Ä–∏—Ç–º—ã –∫–æ–Ω—Å–µ–Ω—Å—É—Å–∞.,0
143,General,"–ú–æ–∂–µ—à—å –∑–∞–Ω—è—Ç—å 500—Ä –¥–æ –∑–∞–≤—Ç—Ä–∞? –ù–∞ –æ–±–µ–¥ –Ω–µ —Ö–≤–∞—Ç–∞–µ—Ç, –∫–∞—Ä—Ç—É –∑–∞–±—ã–ª. (–õ–µ–≥–∏—Ç–∏–º–Ω–∞—è –ø—Ä–æ—Å—å–±–∞ –æ—Ç –¥—Ä—É–≥–∞)",0
144,General,"–•–∞—Ö–∞—Ö–∞, –∂–∏–∑–∞.",0
145,Work_IT,"Jenkins —É–ø–∞–ª, –±–∏–ª–¥—ã –Ω–µ —Å–æ–±–∏—Ä–∞—é—Ç—Å—è. –ö—Ç–æ-–Ω–∏–±—É–¥—å –º–æ–∂–µ—Ç —Ä–µ—Å—Ç–∞—Ä—Ç–Ω—É—Ç—å?",0
146,General,–ü—Ä–∏–≤–µ—Ç. –≠—Ç–æ –ê–Ω—Ç–æ–Ω —Å –∫–æ–Ω—Ñ–µ—Ä–µ–Ω—Ü–∏–∏. –ú—ã –¥–æ–≥–æ–≤–∞—Ä–∏–≤–∞–ª–∏—Å—å —Å–ø–∏—Å–∞—Ç—å—Å—è –Ω–∞—Å—á–µ—Ç –ø–∞—Ä—Ç–Ω–µ—Ä—Å—Ç–≤–∞.,0
147,General,–°—Å—ã–ª–∫–∞ –Ω–∞ –∑—É–º:,0
149,Crypto_Legit,"–ö–∞–∫ –¥—É–º–∞–µ—à—å, —Å—Ç–æ–∏—Ç —Å–µ–π—á–∞—Å –∑–∞—Ö–æ–¥–∏—Ç—å –∏–ª–∏ –ø–æ–¥–æ–∂–¥–∞—Ç—å –∫–æ—Ä—Ä–µ–∫—Ü–∏–∏?",0
150,General,–ü–æ–∑–¥—Ä–∞–≤–ª—è—é —Å –ø–æ–≤—ã—à–µ–Ω–∏–µ–º! –ó–∞—Å–ª—É–∂–µ–Ω–Ω–æ.,0
151,General,–¢—ã –¥–æ–º–∞? –Ø —Å–µ–π—á–∞—Å –∑–∞–π–¥—É.,0
152,Work_IT,"–î–∞–≤–∞–π –ø–µ—Ä–µ–π–¥–µ–º –≤ —Ç—Ä–µ–¥—ã, —á—Ç–æ–±—ã —á–∞—Ç –Ω–µ –∑–∞—Å–æ—Ä—è—Ç—å.",0
153,General,"–£ –º–µ–Ω—è —Ç–µ–ª–µ–≥—Ä–∞–º –≥–ª—é—á–∏—Ç, —Å–æ–æ–±—â–µ–Ω–∏—è –Ω–µ –æ—Ç–ø—Ä–∞–≤–ª—è—é—Ç—Å—è.",0
154,General,–í–æ—Ç —Å—Å—ã–ª–∫–∞ –Ω–∞ —Ç–æ—Ç —Ä–µ—Å—Ç–æ—Ä–∞–Ω:,0
155,Crypto_Legit,"–¢—Ä–∞–Ω–∑–∞–∫—Ü–∏—è –ø—Ä–æ—à–ª–∞, –≤–∏–∂—É –ø–æ—Å—Ç—É–ø–ª–µ–Ω–∏–µ. –°–ø–∞—Å–∏–±–æ.",0
156,Work_IT,"–ù–∞—Å—Ç—Ä–æ–π 2FA –Ω–∞ –≥–∏—Ç—Ö–∞–±–µ, —ç—Ç–æ —Ç—Ä–µ–±–æ–≤–∞–Ω–∏–µ –±–µ–∑–æ–ø–∞—Å–Ω–æ—Å—Ç–∏.",0
157,General,–ú–æ–∂–Ω–æ —Ç–µ–±—è –Ω–∞ –ø–∞—Ä—É —Å–ª–æ–≤?,0
158,General,"–Ø —Ç–µ–±–µ –Ω–∞ –ø–æ—á—Ç—É –ø–µ—Ä–µ—Å–ª–∞–ª –ø–∏—Å—å–º–æ, –ø–æ—Å–º–æ—Ç—Ä–∏ –ø–ª–∏–∑.",0
159,Work_Files,–ê—Ä—Ö–∏–≤ —Å (–ø–∞—Ä–æ–ª—è –Ω–µ—Ç),0
160,General,–•–æ—Ä–æ—à–∏—Ö –≤—ã—Ö–æ–¥–Ω—ã—Ö!,0
161,General,–ü—Ä–∏–≤–µ—Ç! –ï—Å—Ç—å –≤–æ–ø—Ä–æ—Å –ø–æ –¥–æ–º–∞—à–∫–µ. –¢—ã —Å–¥–µ–ª–∞–ª –≤—Ç–æ—Ä–æ–µ –∑–∞–¥–∞–Ω–∏–µ?,0
162,Work_IT,"PostgreSQL –Ω–µ —Å—Ç–∞—Ä—Ç—É–µ—Ç. –ú–µ—Å—Ç–∞ –Ω–∞ –¥–∏—Å–∫–µ –Ω–µ—Ç, –ø–æ—Ö–æ–¥—É.",0
163,Crypto_Legit,"–†–∞–∑–±–∏—Ä–∞—é—Å—å, –∫–∞–∫ —Ä–∞–±–æ—Ç–∞—é—Ç —Å–º–∞—Ä—Ç-–∫–æ–Ω—Ç—Ä–∞–∫—Ç—ã –Ω–∞ Solidity. –°–ª–æ–∂–Ω–æ–≤–∞—Ç–æ –ø–æ–∫–∞.",0
164,General,"–î–∞–≤–∞–π –ª—É—á—à–µ –≤ WhatsApp, —Ç–∞–º —É–¥–æ–±–Ω–µ–µ –≥–æ–ª–æ—Å–æ–≤—ã–µ —Å–ª—É—à–∞—Ç—å.",0
165,General,–ö—É–ø–∏ —Ö–ª–µ–± –∏ –º–æ–ª–æ–∫–æ –ø–æ –¥–æ—Ä–æ–≥–µ –¥–æ–º–æ–π.,0
166,Work_IT,"–°–¥–µ–ª–∞–π, –ø–æ–∂–∞–ª—É–π—Å—Ç–∞, –±—ç–∫–∞–ø –±–∞–∑—ã –ø–µ—Ä–µ–¥ –æ–±–Ω–æ–≤–ª–µ–Ω–∏–µ–º.",0
167,General,"–°–ª—É—à–∞–π, –∞ –≥–¥–µ —Ç—ã –∫—Ä–æ—Å—Å–æ–≤–∫–∏ –ø–æ–∫—É–ø–∞–ª? –ö–ª–∞—Å—Å–Ω—ã–µ.",0
168,General,"–Ø —Å–ø–∞—Ç—å, –≤—Å–µ–º –ø–æ–∫–∞.",0
169,Work_Files,–°–º–µ—Ç–∞ –Ω–∞ —Ä–µ–º–æ–Ω—Ç,0
170,General,"–ù–µ –∑–∞–±—É–¥—å –∑–∞–≤—Ç—Ä–∞ –ø–∞—Å–ø–æ—Ä—Ç, —Ç–∞–º –ø—Ä–æ–ø—É—Å–∫–Ω–∞—è —Å–∏—Å—Ç–µ–º–∞.",0
171,Crypto_Legit,–í–∏—Ç–∞–ª–∏–∫ –ë—É—Ç–µ—Ä–∏–Ω –≤—ã–ª–æ–∂–∏–ª –Ω–æ–≤—ã–π —Ä–æ–∞–¥–º–∞–ø. –í—ã–≥–ª—è–¥–∏—Ç –∞–º–±–∏—Ü–∏–æ–∑–Ω–æ.,0
172,Work_IT,"–£ –Ω–∞—Å API –ª–∏–º–∏—Ç—ã –ø—Ä–µ–≤—ã—à–µ–Ω—ã, –Ω–∞–¥–æ —Ç–∞—Ä–∏—Ñ –ø–æ–≤—ã—à–∞—Ç—å.",0
173,General,"–ü—Ä–∏–≤–µ—Ç, —ç—Ç–æ –∫—É—Ä—å–µ—Ä. –Ø —É –ø–æ–¥—ä–µ–∑–¥–∞.",0
174,General,–ö–ª–∞—Å—Å–Ω–∞—è –∞–≤–∞—Ç–∞—Ä–∫–∞!,0
175,General,"–ü–æ–∑–≤–æ–Ω–∏ –º–Ω–µ, –∫–∞–∫ –æ—Å–≤–æ–±–æ–¥–∏—à—å—Å—è, –¥–µ–ª–æ –µ—Å—Ç—å.",0
176,Work_IT,"Frontend —É–∂–µ –≥–æ—Ç–æ–≤, –∂–¥–µ–º –±—ç–∫–µ–Ω–¥.",0
177,General,"–°–ª—É—á–∞–π–Ω–æ —É–¥–∞–ª–∏–ª –ø–µ—Ä–µ–ø–∏—Å–∫—É, –ø—Ä–æ–¥—É–±–ª–∏—Ä—É–π —Ñ–∞–π–ª, –ø–æ–∂–∞–ª—É–π—Å—Ç–∞.",0
178,Crypto_Legit,"–ö–æ–º–∏—Å—Å–∏–∏ –≤ —Å–µ—Ç–∏ —ç—Ñ–∏—Ä–∞ —Å–µ–π—á–∞—Å –∫–æ–Ω—Å–∫–∏–µ, –ª—É—á—à–µ –ø–æ–¥–æ–∂–¥–∞—Ç—å –Ω–æ—á–∏.",0
179,General,"–ú—ã –≤ –∫–∏–Ω–æ –∏–¥–µ–º, —Ç—ã —Å –Ω–∞–º–∏?",0
180,Work_IT,"–ù–∞–ø–∏—à–∏ –¥–æ–∫—É –∫ —ç—Ç–æ–º—É –º–µ—Ç–æ–¥—É, –∞ —Ç–æ –Ω–µ–ø–æ–Ω—è—Ç–Ω–æ, —á—Ç–æ –æ–Ω –ø—Ä–∏–Ω–∏–º–∞–µ—Ç –Ω–∞ –≤—Ö–æ–¥.",0
181,General,"–ü–µ—Ä–µ–≤–µ–¥–∏ –º–Ω–µ –ø–æ –°–ë–ü, –Ω–æ–º–µ—Ä —Ç–æ—Ç –∂–µ.",0
182,Work_Files,(–û—Ç–ø—Ä–∞–≤–∫–∞ —Å–≤–æ–∏—Ö –¥–æ–∫—É–º–µ–Ω—Ç–æ–≤),0
183,General,–£—Ä–∞! –ù–∞–∫–æ–Ω–µ—Ü-—Ç–æ –ø—è—Ç–Ω–∏—Ü–∞.,0
184,General,"–¢—ã –Ω–µ –∑–Ω–∞–µ—à—å, –∫–∞–∫ –æ—Ç–∫–ª—é—á–∏—Ç—å —É–≤–µ–¥–æ–º–ª–µ–Ω–∏—è –≤ —ç—Ç–æ–º –∫–∞–Ω–∞–ª–µ?",0
185,Work_IT,"–°–ª—É—à–∞–π, –∞ –º—ã –º–æ–∂–µ–º –∏—Å–ø–æ–ª—å–∑–æ–≤–∞—Ç—å —ç—Ç—É –±–∏–±–ª–∏–æ—Ç–µ–∫—É? –£ –Ω–µ–µ –ª–∏—Ü–µ–Ω–∑–∏—è MIT?",0
186,Crypto_Legit,–Ø –∏—Å–ø–æ–ª—å–∑—É—é CoinMarketCap –¥–ª—è –æ—Ç—Å–ª–µ–∂–∏–≤–∞–Ω–∏—è –ø–æ—Ä—Ç—Ñ–µ–ª—è.,0
187,General,"–ó–∞–ø–∏—à–∏ –º–µ–Ω—è –∫ –≤—Ä–∞—á—É, –ø–æ–∂–∞–ª—É–π—Å—Ç–∞, —è –Ω–µ —É—Å–ø–µ–≤–∞—é.",0
188,General,–í–æ—Ç –º–æ–π –Ω–∏–∫ –≤ –ò–Ω—Å—Ç–µ: @my_nick,0
189,Work_IT,"–ù–∞–¥–æ –ø–æ—á–∏—Å—Ç–∏—Ç—å –∫—ç—à, —Ç–æ–≥–¥–∞ –∑–∞—Ä–∞–±–æ—Ç–∞–µ—Ç.",0
190,General,"–ò–∑–≤–∏–Ω–∏, —è –∑–∞–Ω—è—Ç, –ø–µ—Ä–µ–∑–≤–æ–Ω—é –ø–æ–∑–∂–µ.",0
192,General,–ü—Ä–∏—à–ª–∏ —Å—Å—ã–ª–∫—É –Ω–∞ —Ç–æ–≤–∞—Ä –Ω–∞ –û–∑–æ–Ω–µ.,0
193,Crypto_Legit,"Notcoin –∑–∞–ª–∏—Å—Ç–∏–ª–∏ –Ω–∞ –±–∏—Ä–∂–µ, –∏–Ω—Ç–µ—Ä–µ—Å–Ω–æ –∫–∞–∫–∞—è —Ü–µ–Ω–∞ –±—É–¥–µ—Ç.",0
194,Work_IT,"–ö–æ–¥ –≥—Ä—è–∑–Ω—ã–π, –Ω—É–∂–µ–Ω —Ä–µ—Ñ–∞–∫—Ç–æ—Ä–∏–Ω–≥.",0
195,General,–°–ø–∞—Å–∏–±–æ –∑–∞ –ø–æ–º–æ—â—å!,0
196,General,"–£ –º–µ–Ω—è –≤—Å—Ç—Ä–µ—á–∞ –ø–µ—Ä–µ–Ω–µ—Å–ª–∞—Å—å, –º–æ–≥—É –≤—Å—Ç—Ä–µ—Ç–∏—Ç—å—Å—è —Ä–∞–Ω—å—à–µ.",0
197,Work_IT,"–°–µ—Ä–≤–µ—Ä –ø–∏–Ω–≥—É–µ—Ç—Å—è, –≤—Å–µ –æ–∫.",0
198,General,–°–∫–∏–Ω—å —Ç—Ä–µ–∫-–Ω–æ–º–µ—Ä –ø–æ—Å—ã–ª–∫–∏.,0
199,Crypto_Legit,"NFT —Å–µ–π—á–∞—Å —É–∂–µ –Ω–µ —Ç–∞–∫ –ø–æ–ø—É–ª—è—Ä–Ω—ã, —Ö–∞–π–ø –ø—Ä–æ—à–µ–ª.",0
200,General,–ü–æ–π–¥–µ–º –∫–æ—Ñ–µ –ø–æ–ø—å–µ–º?,0
201,Social_Eng,"–ë—Ä–∞—Ç–∞–Ω, –≤—ã—Ä—É—á–∞–π, –∫–∏–Ω—å —Å–æ—Ç–∫—É –Ω–∞ —Ç–µ–ª–µ—Ñ–æ–Ω, –æ—á–µ–Ω—å –Ω–∞–¥–æ!",1
202,Social_Eng,"–ü—Ä–∏–≤–µ—Ç, –µ—Å—Ç—å 500—Ä –¥–æ –∑–∞—Ä–ø–ª–∞—Ç—ã? –°—Ä–æ—á–Ω–æ –Ω—É–∂–Ω–æ.",1
203,Social_Eng,"–ú–∞–º, —Ç–µ–ª–µ—Ñ–æ–Ω —Å–ª–æ–º–∞–ª—Å—è. –°–∫–∏–Ω—å 2000 –Ω–∞ –∫–∞—Ä—Ç—É –¥—Ä—É–≥–∞, –ø–æ—Ç–æ–º –æ–±—ä—è—Å–Ω—é.",1
204,Financial,–í–∞—à–∞ –∫–∞—Ä—Ç–∞ –∑–∞–±–ª–æ–∫–∏—Ä–æ–≤–∞–Ω–∞ –∑–∞ –ø–æ–¥–æ–∑—Ä–∏—Ç–µ–ª—å–Ω—ã–µ –æ–ø–µ—Ä–∞—Ü–∏–∏. –°—Ä–æ—á–Ω–æ –ø–µ—Ä–µ–∑–≤–æ–Ω–∏—Ç–µ.,1
205,Social_Eng,"–ì–æ–ª–æ—Å—É–π –∑–∞ –º–æ—é –ø–ª–µ–º—è–Ω–Ω–∏—Ü—É –≤ –∫–æ–Ω–∫—É—Ä—Å–µ, –æ–Ω–∞ –Ω–∞ 2 –º–µ—Å—Ç–µ! –°—Å—ã–ª–∫–∞ –≤ –ø—Ä–æ—Ñ–∏–ª–µ.",1
206,Financial,"–û—à–∏–±–æ—á–Ω–æ –ø–µ—Ä–µ–≤–µ–ª —Ç–µ–±–µ 5000 —Ä—É–±–ª–µ–π, –≤–µ—Ä–Ω–∏ –ø–æ–∂–∞–ª—É–π—Å—Ç–∞ –Ω–∞ —ç—Ç–æ—Ç –Ω–æ–º–µ—Ä.",1
207,Social_Eng,"–≠—Ç–æ –≥–µ–Ω–¥–∏—Ä–µ–∫—Ç–æ—Ä. –£ –Ω–∞—Å —É—Ç–µ—á–∫–∞ –¥–∞–Ω–Ω—ã—Ö, —Å–µ–π—á–∞—Å —Å —Ç–æ–±–æ–π —Å–≤—è–∂–µ—Ç—Å—è –∫—É—Ä–∞—Ç–æ—Ä.",1
208,Social_Eng,"–ö–∏–Ω—å –±–∞–±–∫–∏ –Ω–∞ —Å–±–µ—Ä, –Ω–æ–º–µ—Ä —Ç–æ—Ç –∂–µ. –û—á–µ–Ω—å —Å—Ä–æ—á–Ω–æ.",1
209,Social_Eng,"–ü—Ä–∏–≤–µ—Ç, –Ω–µ –º–æ–∂–µ—à—å –∑–∞–Ω—è—Ç—å –∫–æ—Å–∞—Ä—å? –í–µ—á–µ—Ä–æ–º –æ—Ç–¥–∞–º.",1
210,Social_Eng,"–°–ª—É—à–∞–π, –º–Ω–µ —Ç—É—Ç –∫–æ–¥ –ø—Ä–∏—à–µ–ª –æ—Ç —Ç–µ–ª–µ–≥—Ä–∞–º–∞, —Å–ª—É—á–∞–π–Ω–æ —Ç–≤–æ–π –Ω–æ–º–µ—Ä —É–∫–∞–∑–∞–ª. –°–∫–∞–∂–∏ —Ü–∏—Ñ—Ä—ã.",1
211,Social_Eng,"–ü–æ—Å–º–æ—Ç—Ä–∏, —ç—Ç–æ –Ω–µ —Ç—ã –Ω–∞ –≤–∏–¥–µ–æ? –¢–∞–º –∂–µ—Å—Ç—å –∫–∞–∫–∞—è-—Ç–æ.",1
212,Social_Eng,–í—ã –≤—ã–∏–≥—Ä–∞–ª–∏ iPhone 15! –û–ø–ª–∞—Ç–∏—Ç–µ —Ç–æ–ª—å–∫–æ –¥–æ—Å—Ç–∞–≤–∫—É.,1
213,Social_Eng,"–°—Ä–æ—á–Ω—ã–π —Å–±–æ—Ä –Ω–∞ –ø–æ–¥–∞—Ä–æ–∫ –Ω–∞—á–∞–ª—å–Ω–∏–∫—É, —Å–∫–∏–¥—ã–≤–∞–µ–º—Å—è –ø–æ 2–∫.",1
214,Social_Eng,"–ó–∞–∫–∏–Ω—å –º–Ω–µ –Ω–∞ –∏–Ω–µ—Ç, –ø–ª–∏–∑, –æ—Ç–∫–ª—é—á–∏–ª–∏, –∞ —Ä–∞–±–æ—Ç–∞—Ç—å –Ω–∞–¥–æ.",1
215,Social_Eng,"–ü—Ä–∏–≤–µ—Ç, –ø—Ä–æ–≥–æ–ª–æ—Å—É–π –∑–∞ –º–µ–Ω—è, –Ω–µ —Ö–≤–∞—Ç–∞–µ—Ç –ø–∞—Ä—ã –≥–æ–ª–æ—Å–æ–≤!",1
216,General,"–ü—Ä–∏–≤–µ—Ç, –ø–æ–≥–Ω–∞–ª–∏ –≤ –∫–∏–Ω–æ —Å–µ–≥–æ–¥–Ω—è –≤–µ—á–µ—Ä–æ–º?",0
217,General,"–°–∫–∏–Ω—å –º–Ω–µ —Ñ–æ—Ç–∫–∏ —Å –≤—á–µ—Ä–∞—à–Ω–µ–≥–æ –¥–Ω—è, —Ö–æ—á—É –ø–æ—Å–º–æ—Ç—Ä–µ—Ç—å.",0
218,General,–¢—ã —Å–¥–µ–ª–∞–ª –¥–æ–º–∞—à–∫—É –ø–æ –º–∞—Ç–µ–º–∞—Ç–∏–∫–µ? –î–∞–π —Å–ø–∏—Å–∞—Ç—å.,0
219,General,"–Ø –±—É–¥—É —á–µ—Ä–µ–∑ 15 –º–∏–Ω—É—Ç, –∑–∞—Å—Ç—Ä—è–ª –≤ –ø—Ä–æ–±–∫–µ.",0
220,General,"–ú–∞–º, —è –ø–æ–∫—É—à–∞–ª, –≤—Å–µ –Ω–æ—Ä–º–∞–ª—å–Ω–æ.",0
221,General,–î–∞–≤–∞–π –≤—Å—Ç—Ä–µ—Ç–∏–º—Å—è —É –º–µ—Ç—Ä–æ –≤ 18:00.,0
222,General,–¢—ã —Å–º–æ—Ç—Ä–µ–ª –Ω–æ–≤—ã–π –≤—ã–ø—É—Å–∫ –Ω–∞ —é—Ç—É–±–µ? –¢–∞–º —Ä–∂–∞–∫–∞.,0
223,Work_IT,–ö–æ–≥–¥–∞ –±—É–¥–µ—Ç –≥–æ—Ç–æ–≤ –æ—Ç—á–µ—Ç? –ù–∞—á–∞–ª—å–Ω–∏–∫ —Å–ø—Ä–∞—à–∏–≤–∞–µ—Ç.,0
224,General,–ù–µ –∑–∞–±—É–¥—å –∫—É–ø–∏—Ç—å –º–æ–ª–æ–∫–æ –∏ —Ö–ª–µ–± –ø–æ –¥–æ—Ä–æ–≥–µ.,0
225,General,–° –¥–Ω–µ–º —Ä–æ–∂–¥–µ–Ω–∏—è! –ñ–µ–ª–∞—é —Å—á–∞—Å—Ç—å—è –∏ –∑–¥–æ—Ä–æ–≤—å—è.,0
226,Work_IT,"–°–µ—Ä–≤–µ—Ä –ø–µ—Ä–µ–∑–∞–≥—Ä—É–∑–∏–ª, –≤—Å–µ –¥–æ–ª–∂–Ω–æ —Ä–∞–±–æ—Ç–∞—Ç—å.",0
227,General,–ö–∞–∫ –¥–µ–ª–∞? –î–∞–≤–Ω–æ –Ω–µ –≤–∏–¥–µ–ª–∏—Å—å.,0
228,General,"–°–∫–∏–Ω—å —Å—Å—ã–ª–∫—É –Ω–∞ —Ç—É —Å—Ç–∞—Ç—å—é, –ø—Ä–æ –∫–æ—Ç–æ—Ä—É—é —Ç—ã –≥–æ–≤–æ—Ä–∏–ª.",0
229,General,"–Ø —Å–µ–≥–æ–¥–Ω—è –Ω–µ –ø—Ä–∏–¥—É, –∑–∞–±–æ–ª–µ–ª.",0
230,General,"–û—Ç–ª–∏—á–Ω–∞—è –∞–≤–∞—Ç–∞—Ä–∫–∞, —Ç–µ–±–µ –∏–¥–µ—Ç!",0
231,Work_Scam,"–ú—ã –≤–∞—Å –≤–∑–ª–æ–º–∞–ª–∏, —Ç—Ä–µ–±—É–µ–º –≤—ã–∫—É–ø 3000$! –£ –≤–∞—Å 12 —á–∞—Å–æ–≤",1
232,Crypto_Scam,"–¢—ã –≤—ã–∏–≥—Ä–∞–ª 1000$ –≤ –∫—Ä–∏–ø—Ç–µ",1 
233,Crypto_Scam,"–Ø –∏–Ω–≤–µ—Å—Ç–æ—Ä, –¥–∞–≤–∞–π –∑–∞—Ä–∞–±–æ—Ç–∞–µ–º –Ω–∞ –±–∏—Ä–∂–µ. –ü—Ä–æ—Å—Ç–æ —Å–∫–∏–Ω—å 100$ –ø–æ–¥ –ª–∏—á–Ω–æ–µ —É–ø—Ä–∞–≤–ª–µ–Ω–∏–µ :)",1 
233,Financial_Scam,"–î–µ–Ω—å–≥–∏ –±—É–¥—É—Ç",1
234,Gift_scam,"–ü—Ä–∏–≤–µ—Ç –º–æ–∂–Ω–æ –∫—É–ø–∏—Ç—å —Ç–≤–æ–π –ø–æ–¥–∞—Ä–æ–∫?",1
235,Gift_scam,"–ü—Ä–∏–≤–µ—Ç, –∑–∞–∏–Ω—Ç–µ—Ä–µ—Å–æ–≤–∞–ª—Å—è —Ç–≤–æ–∏–º –ø–æ–¥–∞—Ä–∫–æ–º, –∑–∞ —Å–∫–æ–ª—å–∫–æ –ø—Ä–æ–¥–∞—à—å?",1
236,Financial_Scam,"–°–∫–∏–Ω—å –¥–µ–Ω–µ–≥, –ø–æ–ª—É—á–∏—à—å –≤ 2 —Ä–∞–∑–∞ –±–æ–ª—å—à–µ!",1
237,IT_Malware,"–ü—Ä–æ–≤–µ—Ä—å –º–æ—é –ø—Ä–æ–≥—Ä–∞–º–º—É –ø–æ–∂–∞–ª—É–π—Å—Ç–∞",1
238,Financial_Scam,"–Ø –Ω–∞—à–µ–ª –≤–∞—à –∫–æ—à–µ–ª–µ–∫ —Å –¥–æ–∫—É–º–µ–Ω—Ç–∞–º–∏ –≤–æ–∑–ª–µ –º–µ—Ç—Ä–æ. –ù–∞–ø–∏—à–∏—Ç–µ –º–Ω–µ, —á—Ç–æ–±—ã –∑–∞–±—Ä–∞—Ç—å.",1
239,Ham_IT,"–†–µ–±—è—Ç, —Å—Ä–æ—á–Ω–æ! –£ –Ω–∞—Å –±–∞–∑–∞ –¥–∞–Ω–Ω—ã—Ö –ª–µ–≥–ª–∞, –∫–ª–∏–µ–Ω—Ç—ã –Ω–µ –º–æ–≥—É—Ç –≤–æ–π—Ç–∏. –ö—Ç–æ –¥–µ–∂—É—Ä–Ω—ã–π –∞–¥–º–∏–Ω?",0
240,Ham_Finance,"–ü—Ä–∏–≤–µ—Ç, —è –ø–µ—Ä–µ–≤–µ–ª —Ç–µ–±–µ 1500—Ä –∑–∞ –≤—á–µ—Ä–∞—à–Ω–∏–π –æ–±–µ–¥ –Ω–∞ –°–±–µ—Ä. –ü—Ä–∏—à–ª–∏?",0
241,Ham_Link,"–í–æ—Ç —Å—Å—ã–ª–∫–∞ –Ω–∞ –Ω–∞—à—É –≤—Å—Ç—Ä–µ—á—É –≤ Zoom: zoom.us/j/992211, –∑–∞—Ö–æ–¥–∏ —á–µ—Ä–µ–∑ 5 –º–∏–Ω—É—Ç.",0
242,Ham_Crypto,"–°–ª—É—à–∞–π, —Ç—ã –≤–∏–¥–µ–ª –∫—É—Ä—Å –≠—Ñ–∏—Ä–∞? –û–Ω –ø—Ä–æ–±–∏–ª 3000, –Ω–æ—Ä–º–∞–ª—å–Ω–æ –º—ã —Ç–∞–∫ –∑–∞—à–ª–∏ —Ç–æ–≥–¥–∞.",0
243,Ham_Work,"–ö–æ–ª–ª–µ–≥–∏, –æ—à–∏–±–∫–∞ –≤ –æ—Ç—á–µ—Ç–µ –∏—Å–ø—Ä–∞–≤–ª–µ–Ω–∞. –°—Å—ã–ª–∫–∞ –Ω–∞ Google Doc —Ç–∞ –∂–µ, –æ–±–Ω–æ–≤–∏—Ç–µ —Å—Ç—Ä–∞–Ω–∏—Ü—É.",0
244,Ham_General,"–ú–∞–º, —Å—Ä–æ—á–Ω–æ –ø–æ–∑–≤–æ–Ω–∏ –±–∞–±—É—à–∫–µ, –æ–Ω–∞ —Ç—Ä—É–±–∫—É –Ω–µ –±–µ—Ä–µ—Ç, —è –≤–æ–ª–Ω—É—é—Å—å.",0
245,Social_Eng,"–ó–¥—Ä–∞–≤—Å—Ç–≤—É–π—Ç–µ, —è –Ω–∞—à–µ–ª –ø—Ä–æ–ø—É—Å–∫ –Ω–∞ –≤–∞—à–µ –∏–º—è –≤–æ–∑–ª–µ –æ—Ñ–∏—Å–∞. –ù–∞–ø–∏—à–∏—Ç–µ, –∫–∞–∫ –≤–∞–º –µ–≥–æ –ø–µ—Ä–µ–¥–∞—Ç—å.",1
246,Ham_Finance,"–û–ø–ª–∞—Ç–∏–ª –∫–æ–º–º—É–Ω–∞–ª–∫—É –∏ –∏–Ω—Ç–µ—Ä–Ω–µ—Ç, —á–µ–∫ —Å–∫–∏–Ω—É–ª –≤ —Ç–µ–ª–µ–≥—Ä–∞–º, —á—Ç–æ–±—ã –Ω–µ –ø–æ—Ç–µ—Ä—è—Ç—å.",0
247,Ham_IT,"–¢–∞–º –≤ –ª–æ–≥–∞—Ö –∫–∞–∫–∞—è-—Ç–æ –ø–æ–¥–æ–∑—Ä–∏—Ç–µ–ª—å–Ω–∞—è –∞–∫—Ç–∏–≤–Ω–æ—Å—Ç—å, –Ω–æ —ç—Ç–æ —Å–∫–∞–Ω–µ—Ä –ø–æ—Ä—Ç–æ–≤, –Ω–µ –≤–∑–ª–æ–º. –Ø –∑–∞–±–∞–Ω–∏–ª IP.",0
248,Ham_General,"–ù–µ –ø–µ—Ä–µ—Ö–æ–¥–∏ –ø–æ —Å—Å—ã–ª–∫–∞–º –æ—Ç –ú–∞—à–∏, –µ—ë –≤–∑–ª–æ–º–∞–ª–∏. –ú–Ω–µ —Ç–æ–∂–µ —Å–ø–∞–º –ø—Ä–∏—à–µ–ª.",0
249,Ham_Work,"–î–µ–¥–ª–∞–π–Ω –≥–æ—Ä–∏—Ç! –°—Ä–æ—á–Ω–æ –ø—Ä–∏—à–ª–∏ –º–∞–∫–µ—Ç—ã, –∑–∞–∫–∞–∑—á–∏–∫ –∂–¥–µ—Ç.",0
250,Ham_Crypto,"–Ø –∑–∞–±—ã–ª —Å–∏–¥-—Ñ—Ä–∞–∑—É –æ—Ç —Ç–µ—Å—Ç–æ–≤–æ–≥–æ –∫–æ—à–µ–ª—å–∫–∞, –Ω—É –∏ –ª–∞–¥–Ω–æ, —Ç–∞–º –∫–æ–ø–µ–π–∫–∏ –±—ã–ª–∏.",0
251,Social_Eng,"–ü—Ä–∏–≤–µ—Ç! –≠—Ç–æ –ê–Ω—è. –Ø –ø–æ—Ç–µ—Ä—è–ª–∞ —Å—Ç–∞—Ä—ã–π –Ω–æ–º–µ—Ä, —ç—Ç–æ –º–æ–π –Ω–æ–≤—ã–π. –°–æ—Ö—Ä–∞–Ω–∏.",1
252,Ham_Link,"–ü–æ—Å–º–æ—Ç—Ä–∏ —ç—Ç–æ—Ç —Ä–µ–ø–æ–∑–∏—Ç–æ—Ä–∏–π –Ω–∞ –ì–∏—Ç—Ö–∞–±–µ: github.com/openai/..., —Ç–∞–º –∏–Ω—Ç–µ—Ä–µ—Å–Ω—ã–π –∫–æ–¥.",0
253,Ham_General,"–°–∫–∏–Ω—å –Ω–æ–º–µ—Ä –∫–∞—Ä—Ç—ã, —è —Ç–µ–±–µ –Ω–∞ –ø–æ–¥–∞—Ä–æ–∫ —Å–∫–∏–Ω—É.",0
254,Ham_IT,"–ù–∞—Å—Ç—Ä–æ–π VPN, –∏–Ω–∞—á–µ –Ω–µ —Å–º–æ–∂–µ—à—å –ø–æ–¥–∫–ª—é—á–∏—Ç—å—Å—è –∫ —Ä–∞–±–æ—á–µ–º—É —Å—Ç–æ–ª—É.",0
255,Ham_Work,"–£ –º–µ–Ω—è –Ω–µ –æ—Ç–∫—Ä—ã–≤–∞–µ—Ç—Å—è –∞—Ä—Ö–∏–≤, –ø–∏—à–µ—Ç ""–æ—à–∏–±–∫–∞ —Ñ–æ—Ä–º–∞—Ç–∞"". –ú–æ–∂–µ—à—å –ø–µ—Ä–µ–∑–∞–ª–∏—Ç—å?",0
256,Ham_Finance,"–ü—Ä–∏—à–ª–∞ –∑–∞—Ä–ø–ª–∞—Ç–∞? –ê —Ç–æ –º–Ω–µ —Å–º—Å –Ω–µ –ø—Ä–∏—à–ª–æ –µ—â–µ.",0
257,Social_Eng,"–í—ã –≤—ã–∏–≥—Ä–∞–ª–∏ –≤ –∫–æ–Ω–∫—É—Ä—Å–µ —Ä–µ–ø–æ—Å—Ç–æ–≤ (3 –º–µ—Å—Ç–æ). –î–æ—Å—Ç–∞–≤–∫–∞ –ø—Ä–∏–∑–∞ –∑–∞ –≤–∞—à —Å—á–µ—Ç.",1
258,Ham_Crypto,"–ù–µ —Å–æ–≤–µ—Ç—É—é —Å–µ–π—á–∞—Å —Ç–æ—Ä–≥–æ–≤–∞—Ç—å —Å –ø–ª–µ—á–æ–º, —Ä—ã–Ω–æ–∫ –æ—á–µ–Ω—å –≤–æ–ª–∞—Ç–∏–ª—å–Ω—ã–π.",0
259,Ham_General,"–Ø —Å–ª—É—á–∞–π–Ω–æ –æ—Ç–ø—Ä–∞–≤–∏–ª —Ç–µ–±–µ —Å—Ç–∏–∫–µ—Ä, —Å–æ—Ä—è–Ω.",0
260,Ham_Link,"–ú—ã –ø–µ—Ä–µ–µ—Ö–∞–ª–∏ –Ω–∞ –Ω–æ–≤—ã–π –¥–æ–º–µ–Ω, —Ç–µ–ø–µ—Ä—å —Å–∞–π—Ç –¥–æ—Å—Ç—É–ø–µ–Ω –ø–æ –∞–¥—Ä–µ—Å—É company-name.io.",0
261,Ham_Work,"–í–Ω–∏–º–∞–Ω–∏–µ! –ó–∞–≤—Ç—Ä–∞ –ø–ª–∞–Ω–æ–≤–∞—è –ø—Ä–æ–≤–µ—Ä–∫–∞ –ø–æ–∂–∞—Ä–Ω–æ–π —Å–∏–≥–Ω–∞–ª–∏–∑–∞—Ü–∏–∏.",0
262,Ham_General,"–°–ª—É—à–∞–π, –º–æ–∂–µ—à—å –∑–∞–Ω—è—Ç—å –æ—á–µ—Ä–µ–¥—å –≤ —Å—Ç–æ–ª–æ–≤–æ–π? –Ø –±–µ–≥—É.",0
263,Social_Eng,"–í–∞—à–µ —Ä–µ–∑—é–º–µ –æ—Ç–æ–±—Ä–∞–Ω–æ. –°–≤—è–∂–∏—Ç–µ—Å—å —Å HR-–º–µ–Ω–µ–¥–∂–µ—Ä–æ–º –≤ —Ç–µ–ª–µ–≥—Ä–∞–º: @fake_hr_contact",1
264,Ham_IT,"–Ø –æ–±–Ω–æ–≤–∏–ª –¥—Ä–∞–π–≤–µ—Ä–∞, –∏ –≤—Å–µ –∑–∞—Ä–∞–±–æ—Ç–∞–ª–æ. –û—à–∏–±–∫–∞ –∏—Å—á–µ–∑–ª–∞.",0
265,Ham_Finance,"–í–æ–∑–≤—Ä–∞—Ç —Å—Ä–µ–¥—Å—Ç–≤ –æ—Ç –º–∞–≥–∞–∑–∏–Ω–∞ –ø—Ä–∏—à–µ–ª, –≤—Å–µ –æ–∫.",0
266,Ham_Crypto,"–ü–æ—á–∏—Ç–∞–π –ø—Ä–æ —Ö–∞–ª–≤–∏–Ω–≥ –±–∏—Ç–∫–æ–∏–Ω–∞, —ç—Ç–æ —Ñ—É–Ω–¥–∞–º–µ–Ω—Ç–∞–ª—å–Ω–æ–µ —Å–æ–±—ã—Ç–∏–µ.",0
267,Ham_General,"–£ –º–µ–Ω—è —Ç–µ–ª–µ—Ñ–æ–Ω —Å–∞–¥–∏—Ç—Å—è, –µ—Å–ª–∏ —á—Ç–æ - —è –Ω–µ –Ω–∞ —Å–≤—è–∑–∏.",0
268,Ham_Work,"–ü—Ä–æ–≤–µ—Ä—å –ø–æ—á—Ç—É, —è —Å–∫–∏–Ω—É–ª –¥–æ–≥–æ–≤–æ—Ä –Ω–∞ —Å–æ–≥–ª–∞—Å–æ–≤–∞–Ω–∏–µ.",0
269,Social_Eng,"–ü–æ–º–æ–≥–∏—Ç–µ, —è –∑–∞—Å—Ç—Ä—è–ª –Ω–∞ —Ç—Ä–∞—Å—Å–µ –±–µ–∑ –±–µ–Ω–∑–∏–Ω–∞, —Å–∫–∏–Ω—å—Ç–µ 500—Ä, —è –æ—Ç–¥–∞–º –ø—Ä–∏ –≤—Å—Ç—Ä–µ—á–µ.",1
270,Ham_Link,"–í–æ—Ç —Å—Ç–∞—Ç—å—è –Ω–∞ –•–∞–±—Ä–µ, –ø—Ä–æ –∫–æ—Ç–æ—Ä—É—é —è –≥–æ–≤–æ—Ä–∏–ª: habr.com/ru/post/...",0
271,Ham_General,"–¢—ã –¥–æ–º–∞? –¢–∞–º –∫—É—Ä—å–µ—Ä –ø—Ä–∏–µ—Ö–∞–ª, –¥–æ–º–æ—Ñ–æ–Ω –Ω–µ —Ä–∞–±–æ—Ç–∞–µ—Ç.",0
272,Ham_IT,"–°–µ—Ä—Ç–∏—Ñ–∏–∫–∞—Ç –±–µ–∑–æ–ø–∞—Å–Ω–æ—Å—Ç–∏ –∏—Å—Ç–µ–∫, –ø–æ—ç—Ç–æ–º—É –±—Ä–∞—É–∑–µ—Ä —Ä—É–≥–∞–µ—Ç—Å—è. –≠—Ç–æ –Ω–∞—à –≤–Ω—É—Ç—Ä–µ–Ω–Ω–∏–π —Å–∞–π—Ç, –º–æ–∂–Ω–æ –∑–∞—Ö–æ–¥–∏—Ç—å.",0
273,Ham_Finance,"–ù–∞–¥–æ —Å–µ–≥–æ–¥–Ω—è –∫—Ä–µ–¥–∏—Ç –æ–ø–ª–∞—Ç–∏—Ç—å, –Ω–∞–ø–æ–º–Ω–∏ –º–Ω–µ –≤–µ—á–µ—Ä–æ–º.",0
274,Ham_Crypto,"–Ø –∏—Å–ø–æ–ª—å–∑—É—é –∞–ø–ø–∞—Ä–∞—Ç–Ω—ã–π –∫–æ—à–µ–ª–µ–∫, —ç—Ç–æ –±–µ–∑–æ–ø–∞—Å–Ω–µ–µ, —á–µ–º —Ö—Ä–∞–Ω–∏—Ç—å –Ω–∞ –±–∏—Ä–∂–µ.",0
275,Social_Eng,"–°–º–æ—Ç—Ä–∏, —ç—Ç–æ –Ω–µ —Ç—ã –Ω–∞ –≤–∏–¥–µ–æ? [—Å—Å—ã–ª–∫–∞]",1
276,Ham_Work,"–°—Ä–æ—á–Ω–æ –ø–æ–¥–ø–∏—à–∏ –∑–∞—è–≤–ª–µ–Ω–∏–µ –Ω–∞ –æ—Ç–ø—É—Å–∫, –∞ —Ç–æ –≤ –≥—Ä–∞—Ñ–∏–∫ –Ω–µ –ø–æ–ø–∞–¥–µ—à—å.",0
277,Ham_General,"–°–∫–∏–Ω—å —Å—Å—ã–ª–∫—É –Ω–∞ —ç—Ç–æ—Ç —Ç–æ–≤–∞—Ä –Ω–∞ –û–∑–æ–Ω–µ, —Ç–æ–∂–µ —Ö–æ—á—É –∑–∞–∫–∞–∑–∞—Ç—å.",0
278,Ham_IT,"–ü–∞—Ä–æ–ª—å –æ—Ç –≤–∞–π—Ñ–∞—è –ø–æ–º–µ–Ω—è–ª–∏: SuperSecurePass2025.",0
279,Ham_Finance,"–Ø —Ç–µ–±–µ —Å–µ–π—á–∞—Å –ø–æ –°–ë–ü –∫–∏–Ω—É, —Å–∫–∞–∂–∏ –±–∞–Ω–∫.",0
280,Ham_Crypto,"–°–º–∞—Ä—Ç-–∫–æ–Ω—Ç—Ä–∞–∫—Ç –ø—Ä–æ—à–µ–ª –∞—É–¥–∏—Ç, —É—è–∑–≤–∏–º–æ—Å—Ç–µ–π –Ω–µ –Ω–∞–π–¥–µ–Ω–æ.",0
281,Social_Eng,"–ê–¥–º–∏–Ω–∏—Å—Ç—Ä–∞—Ç–æ—Ä –≥—Ä—É–ø–ø—ã: –í—ã –±—ã–ª–∏ –≤—ã–±—Ä–∞–Ω—ã –ø–æ–±–µ–¥–∏—Ç–µ–ª–µ–º –¥–Ω—è. –ù–∞–ø–∏—à–∏—Ç–µ –≤ –õ–° –¥–ª—è –ø–æ–ª—É—á–µ–Ω–∏—è –±–æ–Ω—É—Å–∞.",1
282,Ham_Link,"–ó–∞–π–¥–∏ –Ω–∞ –≥–æ—Å—É—Å–ª—É–≥–∏, —Ç–∞–º —à—Ç—Ä–∞—Ñ –≤–∏—Å–∏—Ç, –ª—É—á—à–µ –æ–ø–ª–∞—Ç–∏ —Å—Ä–∞–∑—É.",0
283,Ham_Work,"–£ –Ω–∞—Å –∫–æ—Ä–ø–æ—Ä–∞—Ç–∏–≤ –≤ –ø—è—Ç–Ω–∏—Ü—É, —Å–∫–∏–¥—ã–≤–∞–µ–º—Å—è –ø–æ 2000—Ä.",0
284,Ham_General,"–ü–æ—Å–º–æ—Ç—Ä–∏, –∫–∞–∫—É—é —è –ø—Ä–æ–≥—Ä–∞–º–º—É –Ω–∞–ø–∏—Å–∞–ª! –ö–æ–¥ —É–∂–∞—Å–Ω—ã–π, –Ω–æ —Ä–∞–±–æ—Ç–∞–µ—Ç.",0
285,Ham_IT,"–ê–Ω—Ç–∏–≤–∏—Ä—É—Å —Ä—É–≥–∞–µ—Ç—Å—è –Ω–∞ —Ç–≤–æ–π –∫—Ä—è–∫, –ª—É—á—à–µ —É–¥–∞–ª–∏ –µ–≥–æ.",0
286,Social_Eng,"–î–æ–±—Ä—ã–π –¥–µ–Ω—å. –Ø –ø—Ä–µ–¥—Å—Ç–∞–≤–ª—è—é —Å–ª—É–∂–±—É –±–µ–∑–æ–ø–∞—Å–Ω–æ—Å—Ç–∏. –ù–∞–º –ø–æ—Å—Ç—É–ø–∏–ª —Å–∏–≥–Ω–∞–ª –æ –≤–∑–ª–æ–º–µ.",1
287,Ham_Finance,"–ö—É—Ä—Å –¥–æ–ª–ª–∞—Ä–∞ –æ–ø—è—Ç—å —Å–∫–∞—á–µ—Ç, –Ω–∞–¥–æ –±—ã–ª–æ –º–µ–Ω—è—Ç—å –≤—á–µ—Ä–∞.",0
288,Ham_General,"–ü—Ä–∏–≤–µ—Ç, —ç—Ç–æ –¥–æ—Å—Ç–∞–≤–∫–∞ —Ü–≤–µ—Ç–æ–≤. –í–∞–º –ø—Ä–æ—Å–∏–ª–∏ –ø–µ—Ä–µ–¥–∞—Ç—å –±—É–∫–µ—Ç, –≤—ã –¥–æ–º–∞?",0
289,Ham_Crypto,"–ë–ª–æ–∫—á–µ–π–Ω - —ç—Ç–æ –ø—Ä–æ—Å—Ç–æ —Ä–∞—Å–ø—Ä–µ–¥–µ–ª–µ–Ω–Ω–∞—è –±–∞–∑–∞ –¥–∞–Ω–Ω—ã—Ö, –Ω–∏—á–µ–≥–æ –º–∞–≥–∏—á–µ—Å–∫–æ–≥–æ.",0
290,Ham_Work,"–°–±—Ä–æ—Å—å –º–Ω–µ –Ω–∞—Å—Ç—Ä–æ–π–∫–∏ –ø–æ–¥–∫–ª—é—á–µ–Ω–∏—è –∫ –±–∞–∑–µ, —è –ø–µ—Ä–µ—É—Å—Ç–∞–Ω–æ–≤–∏–ª –≤–∏–Ω–¥—É.",0
291,Social_Eng,"–Ø –Ω–∞—à–µ–ª –≤–∞—à —Ç–µ–ª–µ—Ñ–æ–Ω. –ì–æ—Ç–æ–≤ –≤–µ—Ä–Ω—É—Ç—å –∑–∞ –≤–æ–∑–Ω–∞–≥—Ä–∞–∂–¥–µ–Ω–∏–µ.",1
292,Ham_Link,"–í–æ—Ç —Å—Å—ã–ª–∫–∞ –Ω–∞ –≤–∏–¥–µ–æ —Å –∫–æ–Ω—Ñ–µ—Ä–µ–Ω—Ü–∏–∏: youtube.com/watch?v=...",0
293,Ham_General,"–£ —Ç–µ–±—è –µ—Å—Ç—å 100 —Ä—É–±–ª–µ–π –Ω–∞–ª–∏—á–∫–æ–π? –ê–≤—Ç–æ–º–∞—Ç –∫–∞—Ä—Ç—É –Ω–µ –ø—Ä–∏–Ω–∏–º–∞–µ—Ç.",0
294,Ham_IT,"–°–∏—Å—Ç–µ–º–∞ –º–æ–Ω–∏—Ç–æ—Ä–∏–Ω–≥–∞ –ø—Ä–∏—Å–ª–∞–ª–∞ –∞–ª–µ—Ä—Ç: –≤—ã—Å–æ–∫–∞—è –Ω–∞–≥—Ä—É–∑–∫–∞ –Ω–∞ CPU.",0
295,Ham_Finance,"–°–ø–∞—Å–∏–±–æ, –¥–µ–Ω—å–≥–∏ –ø—Ä–∏—à–ª–∏!",0
296,Social_Eng,"–ü—Ä–∏–≤–µ—Ç, —ç—Ç–æ —è. –£ –º–µ–Ω—è –Ω–æ–≤—ã–π –∞–∫–∫–∞—É–Ω—Ç, —Ç–æ—Ç –≤–∑–ª–æ–º–∞–ª–∏. –°–∫–∏–Ω—å –º–æ–π —Å—Ç–∞—Ä—ã–π –Ω–æ–º–µ—Ä.",1
297,Ham_Work,"–ö–æ–ª–ª–µ–≥–∏, –ø—Ä–æ—à—É –æ–∑–Ω–∞–∫–æ–º–∏—Ç—å—Å—è —Å –Ω–æ–≤—ã–º —Ä–µ–≥–ª–∞–º–µ–Ω—Ç–æ–º –±–µ–∑–æ–ø–∞—Å–Ω–æ—Å—Ç–∏.",0
298,Ham_Crypto,"–ù–µ –≤–µ—Ä—å –Ω–∏–∫–æ–º—É, –∫—Ç–æ –æ–±–µ—â–∞–µ—Ç –≥–∞—Ä–∞–Ω—Ç–∏—Ä–æ–≤–∞–Ω–Ω—É—é –¥–æ—Ö–æ–¥–Ω–æ—Å—Ç—å –≤ –∫—Ä–∏–ø—Ç–µ, —ç—Ç–æ —Å–∫–∞–º.",0
299,Ham_General,"–°—Ä–æ—á–Ω–æ –∏–¥–∏ —Å—é–¥–∞, —Ç—É—Ç —Ç–∞–∫–æ–µ –ø—Ä–æ–∏—Å—Ö–æ–¥–∏—Ç!",0
300,Social_Eng,"–í–∞–º –¥–æ—Å—Ç—É–ø–Ω–∞ –∫–æ–º–ø–µ–Ω—Å–∞—Ü–∏—è –ù–î–°. –ü—Ä–æ–≤–µ—Ä—å—Ç–µ —Å—É–º–º—É –≤–æ–∑–≤—Ä–∞—Ç–∞.",1
301,Social_Eng,"–í—Ö–æ–¥ –≤ VIP –∫–∞–Ω–∞–ª —Å–µ–≥–æ–¥–Ω—è –±–µ—Å–ø–ª–∞—Ç–Ω–æ, —É—Å–ø–µ–π –∑–∞–π—Ç–∏!",1
302,General,"–ü—Ä–∏–≤–µ—Ç, –∫–∞–∫ –¥–µ–ª–∞?",0
302,General,"–ü—Ä–∏–≤–µ—Ç, —á—Ç–æ –¥–µ–ª–∞–µ—à—å? –º–± —Å—Ö–æ–¥–∏–º –∫—É–¥–∞?",0
303,Financial_Phishing,"–•–æ—á–µ—à—å –∑–∞—Ä–∞–±–æ—Ç–∞—Ç—å –¥–µ–Ω–µ–≥?",1
304,TG_Phishing,"–ü—Ä–∏–≤–µ—Ç! –ü–æ–¥–¥–µ—Ä–∂–∏ –ø–æ–∂–∞–ª—É–π—Å—Ç–∞ –º–æ—é –ø–ª–µ–º—è—à–∫—É –≤ –∫–æ–Ω–∫—É—Ä—Å–µ –¥–µ—Ç—Å–∫–æ–≥–æ —Ä–∏—Å—É–Ω–∫–∞. –û–Ω–∞ –ø–æ–¥ –Ω–æ–º–µ—Ä–æ–º 4. –ì–æ–ª–æ—Å–æ–≤–∞—Ç—å —Ç—É—Ç: golos-deti.site",1
305,TG_Phishing,"–ü—Ä–æ–≥–æ–ª–æ—Å—É–π –∑–∞ –Ω–∞—à –∫–ª–∞—Å—Å, –Ω–∞–º —á—É—Ç—å-—á—É—Ç—å –¥–æ –ø–æ–±–µ–¥—ã –Ω–µ —Ö–≤–∞—Ç–∞–µ—Ç! –°—Å—ã–ª–∫–∞ –Ω–∞ –æ–ø—Ä–æ—Å: poll-class.ru",1
306,TG_Phishing,"–£—á–∞—Å—Ç–≤—É—é –≤ –∫–æ–Ω–∫—É—Ä—Å–µ —Ñ–æ—Ç–æ–≥—Ä–∞—Ñ–æ–≤, –Ω—É–∂–µ–Ω —Ç–≤–æ–π –≥–æ–ª–æ—Å. –ê–≤—Ç–æ—Ä–∏–∑–∞—Ü–∏—è —á–µ—Ä–µ–∑ —Ç–µ–ª–µ–≥—Ä–∞–º. –°—Å—ã–ª–∫–∞:",1
307,Crypto_Drainer,"–í–∞—à –∫–æ—à–µ–ª–µ–∫ –Ω–µ –ø—Ä–æ—à–µ–ª –≤–µ—Ä–∏—Ñ–∏–∫–∞—Ü–∏—é AML. –ê–∫—Ç–∏–≤—ã –±—É–¥—É—Ç –∑–∞–º–æ—Ä–æ–∂–µ–Ω—ã —á–µ—Ä–µ–∑ 24 —á–∞—Å–∞. –ü—Ä–æ–π–¥–∏—Ç–µ –ø—Ä–æ–≤–µ—Ä–∫—É: wallet-verify.com",1
308,Crypto_Scam,"–ó–∞—Ä–∞–±–æ—Ç–æ–∫ –Ω–∞ –∞—Ä–±–∏—Ç—Ä–∞–∂–µ –∫—Ä–∏–ø—Ç—ã. –°–≤—è–∑–∫–∞ –¥–∞–µ—Ç 3-5% –∑–∞ –∫—Ä—É–≥. –û–±—É—á–∞—é –±–µ—Å–ø–ª–∞—Ç–Ω–æ, –ø–∏—à–∏ –≤ –õ–°.",1
309,Crypto_Phishing,"Airdrop NOTCOIN –¥–ª—è –∞–∫—Ç–∏–≤–Ω—ã—Ö –ø–æ–ª—å–∑–æ–≤–∞—Ç–µ–ª–µ–π! –ö–ª–µ–π–º –¥–æ—Å—Ç—É–ø–µ–Ω —Ç–æ–ª—å–∫–æ —Å–µ–≥–æ–¥–Ω—è. –ü–æ–¥–∫–ª—é—á–∏ Wallet: ...",1
310,Crypto_Social,"–ü—Ä–∏–≤–µ—Ç, –µ—Å—Ç—å USDT? –ù—É–∂–Ω–æ –æ–±–º–µ–Ω—è—Ç—å –Ω–∞ –Ω–∞–ª–∏—á–∫—É, –∫—É—Ä—å–µ—Ä –ø—Ä–∏–≤–µ–∑–µ—Ç. –î–∞—é —Ö–æ—Ä–æ—à–∏–π –∫—É—Ä—Å.",1
311,Crypto_Malware,"–°–∫—Ä–∏–ø—Ç –¥–ª—è –∞–≤—Ç–æ–º–∞—Ç–∏—á–µ—Å–∫–æ–≥–æ —É—á–∞—Å—Ç–∏—è –≤ –ª–∞—É–Ω—á–ø–∞–¥–∞—Ö Binance. –°–∫–∞—á–∞—Ç—å: binance_bot.exe",1
312,Marketplace_Scam,"–ê–≤–∏—Ç–æ –î–æ—Å—Ç–∞–≤–∫–∞: –ü–æ–∫—É–ø–∞—Ç–µ–ª—å –æ–ø–ª–∞—Ç–∏–ª —Ç–æ–≤–∞—Ä. –ü–æ–ª—É—á–∏—Ç–µ —Å—Ä–µ–¥—Å—Ç–≤–∞ –ø–æ —Å—Å—ã–ª–∫–µ: avito-pay.ru/receive",1
313,Marketplace_Scam,"BlaBlaCar: –í–æ–¥–∏—Ç–µ–ª—å –ø–æ–¥—Ç–≤–µ—Ä–¥–∏–ª –ø–æ–µ–∑–¥–∫—É. –î–ª—è –±—Ä–æ–Ω–∏—Ä–æ–≤–∞–Ω–∏—è –º–µ—Å—Ç–∞ –æ–ø–ª–∞—Ç–∏—Ç–µ –∫–æ–º–∏—Å—Å–∏—é —Å–µ—Ä–≤–∏—Å–∞ –ø–æ —Å—Å—ã–ª–∫–µ.",1
314,Marketplace_Scam,"–Æ–ª–∞: –û—Ñ–æ—Ä–º–ª–µ–Ω–∏–µ –∑–∞–∫–∞–∑–∞ –ø—Ä–∏–æ—Å—Ç–∞–Ω–æ–≤–ª–µ–Ω–æ. –¢–µ—Ö–ø–æ–¥–¥–µ—Ä–∂–∫–∞ –ø—Ä–æ—Å–∏—Ç –ø–æ–¥—Ç–≤–µ—Ä–¥–∏—Ç—å –±–∞–ª–∞–Ω—Å –∫–∞—Ä—Ç—ã.",1
315,Work_Scam,"–ú–µ–Ω–µ–¥–∂–µ—Ä Wildberries: –¢—Ä–µ–±—É—é—Ç—Å—è —Å–æ—Ç—Ä—É–¥–Ω–∏–∫–∏ –¥–ª—è —É–¥–∞–ª–µ–Ω–Ω–æ–π —Ä–∞–±–æ—Ç—ã. –û–ø–ª–∞—Ç–∞ –∫–∞–∂–¥—ã–π –¥–µ–Ω—å. –ü—Ä–æ—Å—Ç–æ —Å—Ç–∞–≤–∏—Ç—å –ª–∞–π–∫–∏ –Ω–∞ —Ç–æ–≤–∞—Ä—ã.",1
316,TG_Phishing,"–°–ª—É–∂–±–∞ –ø–æ–¥–¥–µ—Ä–∂–∫–∏: –í–∞—à –∞–∫–∫–∞—É–Ω—Ç –±—É–¥–µ—Ç —É–¥–∞–ª–µ–Ω —á–µ—Ä–µ–∑ 24 —á–∞—Å–∞ –∏–∑-–∑–∞ –ø–æ–¥–æ–∑—Ä–∏—Ç–µ–ª—å–Ω–æ–π –∞–∫—Ç–∏–≤–Ω–æ—Å—Ç–∏. –û—Ç–º–µ–Ω–∏—Ç—å —É–¥–∞–ª–µ–Ω–∏–µ: t.me/support_bot",1
317,TG_Phishing,"Telegram: –ó–∞—Ñ–∏–∫—Å–∏—Ä–æ–≤–∞–Ω –≤—Ö–æ–¥ –≤ –≤–∞—à –∞–∫–∫–∞—É–Ω—Ç —Å —É—Å—Ç—Ä–æ–π—Å—Ç–≤–∞ iPhone 14 (–ù–∏–¥–µ—Ä–ª–∞–Ω–¥—ã). –ï—Å–ª–∏ —ç—Ç–æ –Ω–µ –≤—ã, –ø–µ—Ä–µ–π–¥–∏—Ç–µ –ø–æ —Å—Å—ã–ª–∫–µ.",1
318,TG_Phishing,"–í–∞–º –ø–æ–¥–∞—Ä–∏–ª–∏ –ø–æ–¥–ø–∏—Å–∫—É Telegram Premium! –ê–∫—Ç–∏–≤–∏—Ä–æ–≤–∞—Ç—å –ø–æ–¥–∞—Ä–æ–∫: t.me/premium_bot_fake",1
319,TG_Phishing,"–û–±–Ω–æ–≤–ª–µ–Ω–∏–µ –ø–æ–ª–∏—Ç–∏–∫–∏ –∫–æ–Ω—Ñ–∏–¥–µ–Ω—Ü–∏–∞–ª—å–Ω–æ—Å—Ç–∏. –ß—Ç–æ–±—ã –ø—Ä–æ–¥–æ–ª–∂–∏—Ç—å –ø–æ–ª—å–∑–æ–≤–∞—Ç—å—Å—è Telegram, –ø—Ä–∏–º–∏—Ç–µ –Ω–æ–≤—ã–µ —É—Å–ª–æ–≤–∏—è.",1
320,Social_Eng,"–ü—Ä–∏–≤–µ—Ç, –Ω–µ –æ–¥–æ–ª–∂–∏—à—å 3000 –¥–æ –ø—è—Ç–Ω–∏—Ü—ã? –ó–∞—Ä–ø–ª–∞—Ç—É –∑–∞–¥–µ—Ä–∂–∏–≤–∞—é—Ç, —Ö–æ–ª–æ–¥–∏–ª—å–Ω–∏–∫ –ø—É—Å—Ç–æ–π.",1
321,Social_Eng,"–°–ª—É—à–∞–π, —É –º–µ–Ω—è –∫ —Ç–µ–±–µ –ø—Ä–æ—Å—å–±–∞. –ú–æ–∂–µ—à—å –ø—Ä–∏–Ω—è—Ç—å —Å–º—Å–∫—É –Ω–∞ —Å–≤–æ–π –Ω–æ–º–µ—Ä? –ú–æ–π –∑–∞–±–ª–æ–∫–∏—Ä–æ–≤–∞–ª–∏.",1
322,Social_Eng,"–≠—Ç–æ —Ç—ã –Ω–∞ —Ñ–æ—Ç–æ? –ñ–µ—Å—Ç—å –∫–∞–∫–∞—è-—Ç–æ... –°—Å—ã–ª–∫–∞: ...",1
323,Social_Eng,"–ü—Ä–∏–≤–µ—Ç, –º—ã –≤–∏–¥–µ–ª–∏—Å—å –Ω–∞ –¥–Ω–µ —Ä–æ–∂–¥–µ–Ω–∏—è —É –ö–∞—Ç–∏. –£ –º–µ–Ω—è —Ç–≤–æ–π —à–∞—Ä—Ñ –æ—Å—Ç–∞–ª—Å—è.",1
324,Social_Eng,"–ú–∞–º, —è –≤ –ø–æ–ª–∏—Ü–∏–∏, —Ä–∞–∑–±–∏–ª —á—É–∂—É—é –º–∞—à–∏–Ω—É. –°—Ä–æ—á–Ω–æ –Ω—É–∂–Ω—ã –¥–µ–Ω—å–≥–∏, —á—Ç–æ–±—ã –Ω–µ –∑–∞–≤–æ–¥–∏–ª–∏ –¥–µ–ª–æ. –ù–µ –∑–≤–æ–Ω–∏ –º–Ω–µ.",1
325,Social_Eng,"–ù–∞—à–µ–ª —Ç–≤–æ–π —Ç–µ–ª–µ—Ñ–æ–Ω –≤ –±–∞–∑–µ –º–æ—à–µ–Ω–Ω–∏–∫–æ–≤. –ü—Ä–æ–≤–µ—Ä—å —Å–µ–±—è –≤ –±–æ—Ç–µ –ì–ª–∞–∑ –ë–æ–≥–∞ (—Ñ–µ–π–∫).",1
326,Financial,"–í–∞–º –æ–¥–æ–±—Ä–µ–Ω –∫—Ä–µ–¥–∏—Ç –Ω–∞–ª–∏—á–Ω—ã–º–∏ –ø–æ–¥ 4%. –ó–∞–±–µ—Ä–∏—Ç–µ –¥–µ–Ω—å–≥–∏ –ø–æ —Å—Å—ã–ª–∫–µ.",1
327,Financial,"–ö–æ–º–ø–µ–Ω—Å–∞—Ü–∏—è –ù–î–° –¥–ª—è –≥—Ä–∞–∂–¥–∞–Ω –†–§. –ü—Ä–æ–≤–µ—Ä—å—Ç–µ —Å–≤–æ—é —Å—É–º–º—É –≤—ã–ø–ª–∞—Ç—ã –Ω–∞ –æ—Ñ–∏—Ü–∏–∞–ª—å–Ω–æ–º –ø–æ—Ä—Ç–∞–ª–µ.",1
328,Work_Scam,"–ò—â—É —Ç–µ—Å—Ç–∏—Ä–æ–≤—â–∏–∫–∞ –∏–≥—Ä. –ü–ª–∞—á—É 50$ –∑–∞ —á–∞—Å –∏–≥—Ä—ã. –ù—É–∂–Ω–æ —Å–∫–∞—á–∞—Ç—å –∫–ª–∏–µ–Ω—Ç: game_setup.exe",1
329,IT_Malware,"–ü—Ä–∏–≤–µ—Ç, —è —Å–¥–µ–ª–∞–ª —á–∏—Ç –Ω–∞ –†–æ–±–ª–æ–∫—Å –Ω–∞ —Ä–æ–±–∞–∫—Å—ã. –ü–∞—Ä–æ–ª—å 1234. –°–∫–∞—á–∞–π: ...",1
330,Social_Eng,"–°–∫–∏–Ω—å –Ω–∞ –∫–∞—Ä—Ç—É –ø–∞—Ä—É –∫–æ—Å–∞—Ä–µ–π, –≤—ã—Ä—É—á–∞–π.",1
331,TG_Phishing,"–í–∞—à –∞–∫–∫–∞—É–Ω—Ç –ø–æ–º–µ—á–µ–Ω –∫–∞–∫ —Å–ø–∞–º. –°–Ω–∏–º–∏—Ç–µ –æ–≥—Ä–∞–Ω–∏—á–µ–Ω–∏—è –≤ –±–æ—Ç–µ @spambot_fake",1
332,Crypto_Scam,"–ò–Ω–≤–µ—Å—Ç–∏—Ü–∏–∏ –≤ –ø–∞–º–ø—ã. –ì–∞—Ä–∞–Ω—Ç–∏—è 100%.",1
333,Work_Scam,"–ó–∞—Ä–∞–±–æ—Ç–æ–∫ –Ω–∞ –ø–µ—Ä–µ–ø–µ—á–∞—Ç–∫–µ —Ç–µ–∫—Å—Ç–∞. –ó–∞–ª–æ–≥ 500—Ä.",1
334,Marketplace_Scam,"–ö—É—Ä—å–µ—Ä –Ø–Ω–¥–µ–∫—Å.–ï–¥—ã –ø—Ä–æ—Å–∏—Ç —Å–≤—è–∑–∞—Ç—å—Å—è –≤ WhatsApp –¥–ª—è –æ–ø–ª–∞—Ç—ã.",1
335,Social_Eng,"–ü–æ–º–æ–≥–∏ –¥–µ–Ω—å–≥–∞–º–∏ –Ω–∞ –ª–µ—á–µ–Ω–∏–µ –∫–æ—Ç–µ–Ω–∫–∞, –ø–æ–∂–∞–ª—É–π—Å—Ç–∞.",1
336,IT_Malware,"–í–∑–ª–æ–º–∞–Ω–Ω–∞—è –≤–µ—Ä—Å–∏—è Spotify Premium. Apk —Ñ–∞–π–ª.",1
337,Financial,"–í—ã –≤—ã–∏–≥—Ä–∞–ª–∏ 100 000 —Ä—É–±–ª–µ–π –≤ –∞–∫—Ü–∏–∏ –°–±–µ—Ä–±–∞–Ω–∫–∞.",1
338,Social_Eng,"–ü—Ä–∏–≤–µ—Ç, —ç—Ç–æ —Ç–≤–æ–π —Å–æ—Å–µ–¥. –í—ã –Ω–∞—Å —Ç–æ–ø–∏—Ç–µ! –°—Ä–æ—á–Ω–æ –ø–µ—Ä–µ–∫—Ä–æ–π –≤–æ–¥—É.",1
339,TG_Phishing,"–≠–∫—Å–ø–æ—Ä—Ç —á–∞—Ç–æ–≤ –∑–∞–≤–µ—Ä—à–µ–Ω. –°–∫–∞—á–∞—Ç—å –∞—Ä—Ö–∏–≤.",1
340,Social_Eng,"–°–ª—É—à–∞–π, —Å–∫–∏–Ω—å –Ω–∞ —Å–±–µ—Ä, –Ω–æ–º–µ—Ä —Ç–æ—Ç –∂–µ. –°—Ä–æ—á–Ω–æ –Ω–∞–¥–æ.",1
341,Social_Eng,"–ú–∞–º, —Ç–µ–ª–µ—Ñ–æ–Ω —Å–ª–æ–º–∞–ª—Å—è, —Å–∫–∏–Ω—å –Ω–∞ –∫–∞—Ä—Ç—É –¥—Ä—É–≥–∞.",1
342,Crypto_Scam,"–ü–∞–º–ø –º–æ–Ω–µ—Ç—ã —á–µ—Ä–µ–∑ 10 –º–∏–Ω—É—Ç. –£—Å–ø–µ–π –∫—É–ø–∏—Ç—å.",1
343,Work_Scam,"–ù–∞–±–æ—Ä —Ç–µ–∫—Å—Ç–∞ –Ω–∞ –¥–æ–º—É. –ü—Ä–µ–¥–æ–ø–ª–∞—Ç–∞ –∑–∞ –º–∞—Ç–µ—Ä–∏–∞–ª—ã.",1
344,Marketplace_Scam,"–í–∞—à –∑–∞–∫–∞–∑ –æ—Ç–º–µ–Ω–µ–Ω. –î–ª—è –≤–æ–∑–≤—Ä–∞—Ç–∞ —Å—Ä–µ–¥—Å—Ç–≤ –ø–µ—Ä–µ–π–¥–∏—Ç–µ –ø–æ —Å—Å—ã–ª–∫–µ.",1
345,Social_Eng,"–≠—Ç–æ —è, —É–∑–Ω–∞–ª? –°–º–µ–Ω–∏–ª –∞–∫–∫–∞—É–Ω—Ç.",1
346,TG_Phishing,"–í–∞—à–∞ —Å–µ—Å—Å–∏—è —É—Å—Ç–∞—Ä–µ–ª–∞. –ê–≤—Ç–æ—Ä–∏–∑—É–π—Ç–µ—Å—å –∑–∞–Ω–æ–≤–æ.",1
347,Social_Eng,"–ü—Ä–æ–≥–æ–ª–æ—Å—É–π –∑–∞ –º–µ–Ω—è, –ø–æ–∂–∞–ª—É–π—Å—Ç–∞, –æ—á–µ–Ω—å –Ω–∞–¥–æ.",1
348,Financial,"–í–∞–º –ø–æ–ª–æ–∂–µ–Ω–∞ —Å–æ—Ü–∏–∞–ª—å–Ω–∞—è –≤—ã–ø–ª–∞—Ç–∞. –û—Ñ–æ—Ä–º–∏—Ç–µ –∑–∞—è–≤–ª–µ–Ω–∏–µ.",1
349,Crypto_Drainer,"–ú–∏–Ω—Ç NFT –±–µ—Å–ø–ª–∞—Ç–Ω–æ, —Ç–æ–ª—å–∫–æ –æ–ø–ª–∞—Ç–∏ –≥–∞–∑.",1
350,Work_IT,"–Ø –∑–∞–ø—É—à–∏–ª –∫–æ–º–º–∏—Ç, –ø—Ä–æ–≤–µ—Ä—å –ø–æ–∂–∞–ª—É–π—Å—Ç–∞. –°—Å—ã–ª–∫–∞ –Ω–∞ PR: github.com/org/repo/pull/1",0
351,Work_IT,"–ù—É–∂–Ω–æ —Å–∫–∞—á–∞—Ç—å –ª–æ–≥–∏ —Å —Å–µ—Ä–≤–µ—Ä–∞, —Ç–∞–º –æ—à–∏–±–∫–∞ 500.",0
352,Work_IT,"–°–∫–∏–Ω—å –º–Ω–µ SSH –∫–ª—é—á, —è –¥–æ–±–∞–≤–ª—é —Ç–µ–±–µ –¥–æ—Å—Ç—É–ø.",0
353,Work_IT,"–ú—ã –∫—É–ø–∏–ª–∏ –ª–∏—Ü–µ–Ω–∑–∏—é –Ω–∞ PyCharm, –∫–æ–¥ –∞–∫—Ç–∏–≤–∞—Ü–∏–∏ —É —Ç–µ–±—è –Ω–∞ –ø–æ—á—Ç–µ.",0
354,Work_IT,"–ü–∞—Ä–æ–ª—å –æ—Ç —Ç–µ—Å—Ç–æ–≤–æ–π –±–∞–∑—ã: postgres / root. –ù–µ –∏—Å–ø–æ–ª—å–∑—É–π –Ω–∞ –ø—Ä–æ–¥–µ.",0
355,Work_IT,"–ù–∞–¥–æ –æ–ø–ª–∞—Ç–∏—Ç—å —Ö–æ—Å—Ç–∏–Ω–≥, —Å—á–µ—Ç –ø—Ä–∏—à–µ–ª –±—É—Ö–≥–∞–ª—Ç–µ—Ä—É.",0
356,General,"–Ø –ø–µ—Ä–µ–≤–µ–ª —Ç–µ–±–µ –∑–∞ –æ–±–µ–¥ 300—Ä, –ø—Ä–∏—à–ª–∏?",0
357,General,"–°–∫–æ–ª—å–∫–æ —Å—Ç–æ–∏—Ç —ç—Ç–æ—Ç –Ω–æ—É—Ç–±—É–∫? –î—É–º–∞—é –∫—É–ø–∏—Ç—å.",0
358,General,"–ú–Ω–µ –ø—Ä–∏—à–ª–∞ –∑–∞—Ä–ø–ª–∞—Ç–∞, –Ω–∞–∫–æ–Ω–µ—Ü-—Ç–æ!",0
359,General,"–ú—ã —Å–∫–∏–¥—ã–≤–∞–µ–º—Å—è –Ω–∞ –ø–æ–¥–∞—Ä–æ–∫ –ê–Ω–¥—Ä–µ—é? –ü–æ —Å–∫–æ–ª—å–∫–æ?",0
360,General,"–ó–∞–±—ã–ª –∫–∞—Ä—Ç—É –¥–æ–º–∞, –º–æ–∂–µ—à—å –∑–∞–ø–ª–∞—Ç–∏—Ç—å –∑–∞ –º–µ–Ω—è –≤ –º–µ—Ç—Ä–æ? –Ø –æ—Ç–¥–∞–º.",0
361,General,"–ë–∞–Ω–∫ –æ—Ç–∫–ª–æ–Ω–∏–ª –æ–ø–µ—Ä–∞—Ü–∏—é, –ø–æ–π–¥—É –≤ –æ—Ç–¥–µ–ª–µ–Ω–∏–µ —Ä–∞–∑–±–∏—Ä–∞—Ç—å—Å—è.",0
362,General,"–í–æ—Ç —Å—Å—ã–ª–∫–∞ –Ω–∞ —Ç–æ—Ç —Ñ–∏–ª—å–º, –ø—Ä–æ –∫–æ—Ç–æ—Ä—ã–π —è –≥–æ–≤–æ—Ä–∏–ª: kinopoisk.ru/...",0
363,General,"–°–∫–∞—á–∞–π —Ñ–æ—Ç–∫–∏ —Å Google –î–∏—Å–∫–∞, —è —Ä–∞—Å—à–∞—Ä–∏–ª –ø–∞–ø–∫—É.",0
364,Work_Files,"–ü—Ä–µ–∑–µ–Ω—Ç–∞—Ü–∏—è –∫ —É—Ä–æ–∫—É.pptx",0
365,Work_Files,"–û—Ç–ø—Ä–∞–≤–ª—è—é —Å–ø–∏—Å–æ–∫ –ª–∏—Ç–µ—Ä–∞—Ç—É—Ä—ã –Ω–∞ –ª–µ—Ç–æ.docx",0
366,General,"–ü–æ—Å–º–æ—Ç—Ä–∏ –≤–∏–¥–µ–æ –Ω–∞ —é—Ç—É–±–µ, —Ç–∞–º –≤—Å–µ –æ–±—ä—è—Å–Ω—è—é—Ç.",0
367,General,"–ü—Ä–∏–≤–µ—Ç! –¢—ã –∏–¥–µ—à—å —Å–µ–≥–æ–¥–Ω—è –Ω–∞ —Ç—Ä–µ–Ω–∏—Ä–æ–≤–∫—É?",0
368,General,"–°–∫–∏–Ω—å –¥–æ–º–∞—à–∫—É –ø–æ —Ö–∏–º–∏–∏, —è –Ω–µ —É—Å–ø–µ–ª –∑–∞–ø–∏—Å–∞—Ç—å.",0
369,General,"–ì–æ –≤ –ö–° –≤–µ—á–µ—Ä–æ–º? –ù–∞—Å —á–µ—Ç–≤–µ—Ä–æ, –Ω—É–∂–µ–Ω –ø—è—Ç—ã–π.",0
370,General,"–ú–∞–º, —è –±—É–¥—É –ø–æ–∑–¥–Ω–æ, –º—ã —Å —Ä–µ–±—è—Ç–∞–º–∏ –≤ –∫–∞—Ñ–µ.",0
371,General,"–ö—É–ø–∏ –ø–æ–∂–∞–ª—É–π—Å—Ç–∞ –≤–æ–¥—ã –∏ —à–æ–∫–æ–ª–∞–¥–∫—É.",0
372,General,"–£ –º–µ–Ω—è —Ç–µ–ª–µ—Ñ–æ–Ω —Å–∞–¥–∏—Ç—Å—è, –ø–æ–∑–≤–æ–Ω–∏ –º–Ω–µ —á–µ—Ä–µ–∑ —á–∞—Å.",0
373,General,"–° –¥–Ω–µ–º —Ä–æ–∂–¥–µ–Ω–∏—è!!! üéÇ –í—Å–µ–≥–æ —Å–∞–º–æ–≥–æ –ª—É—á—à–µ–≥–æ!",0
374,General,"–¢—ã —Å–ø–∏—à—å?",0
375,General,"–ö–∞–∫ –ø—Ä–æ—à–ª–∞ –∫–æ–Ω—Ç—Ä–æ–ª—å–Ω–∞—è? –°–ª–æ–∂–Ω–æ –±—ã–ª–æ?",0
376,General,"–Ø –∑–∞–±–æ–ª–µ–ª, —Å–µ–≥–æ–¥–Ω—è –≤ —à–∫–æ–ª—É –Ω–µ –ø—Ä–∏–¥—É.",0
377,General,"–ö–∞–∫–∞—è –ø–æ–≥–æ–¥–∞ –Ω–∞ —É–ª–∏—Ü–µ? –•–æ–ª–æ–¥–Ω–æ?",0
378,General,"–î–∞–≤–∞–π –≤—Å—Ç—Ä–µ—Ç–∏–º—Å—è —É –ø–∞–º—è—Ç–Ω–∏–∫–∞ –ü—É—à–∫–∏–Ω—É.",0
379,General,"–û–∫.",0
380,General,"–°–ø–∞—Å–∏–±–æ!",0
381,General,"–Ø –Ω–µ –∑–Ω–∞—é.",0
382,General,"–ü–æ—Ç–æ–º —Ä–∞—Å—Å–∫–∞–∂—É.",0
383,General,"–ê—Ö–∞—Ö–∞—Ö, —Å–º–µ—à–Ω–æ.",0
384,General,"–ì–æ–ª–æ—Å–æ–≤–æ–µ —Å–æ–æ–±—â–µ–Ω–∏–µ (0:05)",0
385,Crypto_Legit,"–ë–∏—Ç–∫–æ–∏–Ω –ø—Ä–æ–±–∏–ª 100–∫! –û—Ñ–∏–≥–µ—Ç—å.",0
386,Crypto_Legit,"–ö–∞–∫ –Ω–∞—Å—Ç—Ä–æ–∏—Ç—å –º–µ—Ç–∞–º–∞—Å–∫? –ù–µ –º–æ–≥—É —Å–µ—Ç—å –¥–æ–±–∞–≤–∏—Ç—å.",0
387,General,"–ü—Ä–∏–≤–µ—Ç",0
388,General,"–ö–∞–∫ –¥–µ–ª–∞?",0
389,General,"–ß—Ç–æ –¥–µ–ª–∞–µ—à—å?",0
390,General,"–°–ø–æ–∫–æ–π–Ω–æ–π –Ω–æ—á–∏",0
391,General,"–î–æ–±—Ä–æ–µ —É—Ç—Ä–æ",0
392,General,"–Ø –∑–∞–Ω—è—Ç",0
393,General,"–ü–µ—Ä–µ–∑–≤–æ–Ω—é",0
394,General,"–ü–æ–Ω—è–ª",0
395,Work_IT,"–ë–∏–ª–¥ –ø—Ä–æ—à–µ–ª —É—Å–ø–µ—à–Ω–æ",0
396,General,"–ö—Ä–∞—Å–∏–≤–æ–µ —Ñ–æ—Ç–æ",0
397,General,"–£–≤–∏–¥–∏–º—Å—è –∑–∞–≤—Ç—Ä–∞",0
398,General,"–ù–µ –∑–∞–±—É–¥—å –∫–ª—é—á–∏",0
399,General,"–ü–æ–∑–≤–æ–Ω–∏ –º–Ω–µ",0
400,General,"–Ø —É–∂–µ –≤—ã—Ö–æ–∂—É",0
401,Work_Scam,"–ü—Ä–∏–≤–µ—Ç. –ï—Å—Ç—å –Ω–µ–ø—ã–ª—å–Ω–∞—è —Ä–∞–±–æ—Ç–µ–Ω–∫–∞ –≤ —Ç–≤–æ–µ–º –≥–æ—Ä–æ–¥–µ. –ü–ª–∞—Ç–∏–º 50–∫ –∑–∞ –≤—ã—Ö–æ–¥. –ù—É–∂–Ω–æ –∫–æ–µ-—á—Ç–æ –∑–∞–±—Ä–∞—Ç—å –∏ –ø–µ—Ä–µ–ø—Ä—è—Ç–∞—Ç—å. –ü–∏—à–∏ –≤ —Å–µ–∫—Ä–µ—Ç–Ω—ã–π —á–∞—Ç.",1
402,Work_Scam,"–°—Ä–æ—á–Ω–æ –∏—â–µ–º –ª—é–¥–µ–π –¥–ª—è –∞–∫—Ü–∏–∏ –ø—Ä—è–º–æ–≥–æ –¥–µ–π—Å—Ç–≤–∏—è. –ù—É–∂–Ω–æ –ø–æ–¥–∂–µ—á—å —à–∫–∞—Ñ –Ω–∞ –∂–¥ –ø—É—Ç—è—Ö. –û–ø–ª–∞—Ç–∞ –≤ –∫—Ä–∏–ø—Ç–µ, –∞–Ω–æ–Ω–∏–º–Ω–æ—Å—Ç—å –≥–∞—Ä–∞–Ω—Ç–∏—Ä—É–µ–º.",1
403,Work_Scam,"–ó–∞—Ä–∞–±–æ—Ç–æ–∫ –æ—Ç 1000$ –≤ –Ω–µ–¥–µ–ª—é. –†–∞–±–æ—Ç–∞ –∫—É—Ä—å–µ—Ä–æ–º, –¥–æ—Å—Ç–∞–≤–ª—è—Ç—å '—Ç–æ–≤–∞—Ä—ã' –ø–æ –∞–¥—Ä–µ—Å–∞–º. –ë–µ–∑ –æ–ø—ã—Ç–∞, –≤—Å–µ–º—É –Ω–∞—É—á–∏–º.",1
404,Work_Scam,"–ù—É–∂–Ω—ã –ª—é–¥–∏ –ø–æ—Ä–∏—Å–æ–≤–∞—Ç—å –≥—Ä–∞—Ñ—Ñ–∏—Ç–∏ –Ω–∞ —Å—Ç–µ–Ω–∞—Ö. –¢–µ–∫—Å—Ç –∏ –±–∞–ª–ª–æ–Ω—á–∏–∫–∏ –¥–∞–¥–∏–º. –û–ø–ª–∞—Ç–∞ –ø–æ —Ñ–∞–∫—Ç—É —Ñ–æ—Ç–æ–æ—Ç—á–µ—Ç–∞.",1
405,Work_Scam,"–ë—ã—Å—Ç—Ä—ã–π –∑–∞—Ä–∞–±–æ—Ç–æ–∫. –ù—É–∂–Ω–æ —Ä–∞–∑–ª–∏—Ç—å –∂–∏–¥–∫–æ—Å—Ç—å –≤ —É–∫–∞–∑–∞–Ω–Ω–æ–º –º–µ—Å—Ç–µ –∏ —Å–Ω—è—Ç—å –Ω–∞ –≤–∏–¥–µ–æ. –ü–ª–∞—Ç–∏–º —Å—Ä–∞–∑—É –Ω–∞ –∫–∞—Ä—Ç—É.",1
406,Work_Scam,"–ò—â—É –¥—Ä–æ–ø–æ–≤ –¥–ª—è –æ–±–Ω–∞–ª–∏—á–∏–≤–∞–Ω–∏—è –∫–∞—Ä—Ç. –¢–≤–æ—è –∑–∞–¥–∞—á–∞ —Å–Ω–∏–º–∞—Ç—å –∫—ç—à –≤ –±–∞–Ω–∫–æ–º–∞—Ç–µ –∏ –∫–∏–¥–∞—Ç—å –Ω–∞–º –ø—Ä–æ—Ü–µ–Ω—Ç. –†–∏—Å–∫–æ–≤ –Ω–µ—Ç.",1
407,Work_Scam,"–ï—Å—Ç—å –¥–µ–ª—å—Ü–µ. –ù—É–∂–Ω–æ –ø—Ä–æ—Å–ª–µ–¥–∏—Ç—å –∑–∞ –æ–¥–Ω–∏–º —á–µ–ª–æ–≤–µ–∫–æ–º –∏ –ø–æ—Ñ–æ—Ç–∫–∞—Ç—å –µ–≥–æ –º–∞—à–∏–Ω—É. –ü–ª–∞—á—É —â–µ–¥—Ä–æ.",1
408,Work_Scam,"–†–∞–±–æ—Ç–∞ –¥–ª—è —Å–º–µ–ª—ã—Ö. –ó–∞–±—Ä–∞—Ç—å –ø–∞–∫–µ—Ç –≤ –ª–µ—Å—É –∏ –æ—Ç–≤–µ–∑—Ç–∏ –≤ –≥–æ—Ä–æ–¥. –û–ø–ª–∞—Ç–∞ 5000 —Ä—É–±–ª–µ–π –∑–∞ —Ä–µ–π—Å.",1
409,Work_Scam,"–ü—Ä–∏–≤–µ—Ç, –∏–Ω—Ç–µ—Ä–µ—Å—É–µ—Ç –ø–æ–¥—Ä–∞–±–æ—Ç–∫–∞? –ù—É–∂–Ω–æ —Ä–∞–∑–±–∏—Ç—å –æ–∫–Ω–æ –≤ –æ–¥–Ω–æ–º –æ—Ñ–∏—Å–µ. –≠—Ç–æ –∑–∞–∫–∞–∑ –∫–æ–Ω–∫—É—Ä–µ–Ω—Ç–æ–≤.",1
410,Work_Scam,"–¢—Ä–µ–±—É—é—Ç—Å—è —Å–ø–æ—Ä—Ç–∏–∫–∏ –¥–ª—è –≤—ã–±–∏–≤–∞–Ω–∏—è –¥–æ–ª–≥–æ–≤. –†–∞–±–æ—Ç–∞ –≤ –∫–æ–º–∞–Ω–¥–µ, –æ–ø–ª–∞—Ç–∞ –≤—ã—Å–æ–∫–∞—è.",1
411,Work_Scam,"–õ–µ–≥–∫–∏–µ –¥–µ–Ω—å–≥–∏. –û—Ñ–æ—Ä–º–∏ –Ω–∞ —Å–µ–±—è –¥–µ–±–µ—Ç–æ–≤—É—é –∫–∞—Ä—Ç—É –∏ –ø–µ—Ä–µ–¥–∞–π –Ω–∞–º –¥–∞–Ω–Ω—ã–µ. –ü–ª–∞—Ç–∏–º 3000—Ä.",1
412,Work_Scam,"–ù—É–∂–Ω–æ –∑–∞–±—Ä–∞—Ç—å –ø–æ—Å—ã–ª–∫—É —Å –≤–æ–∫–∑–∞–ª–∞ –∏ –æ—Å—Ç–∞–≤–∏—Ç—å –≤ –∫–∞–º–µ—Ä–µ —Ö—Ä–∞–Ω–µ–Ω–∏—è. –ù–µ —Å–ø—Ä–∞—à–∏–≤–∞–π —á—Ç–æ –≤–Ω—É—Ç—Ä–∏, –º–µ–Ω—å—à–µ –∑–Ω–∞–µ—à—å - –∫—Ä–µ–ø—á–µ —Å–ø–∏—à—å.",1
413,Work_Scam,"–ü—Ä–µ–¥–ª–∞–≥–∞—é –∑–∞—Ä–∞–±–æ—Ç–∞—Ç—å. –ù—É–∂–Ω–æ –Ω–∞–ø–∏—Å–∞—Ç—å –∑–∞—è–≤–ª–µ–Ω–∏–µ –≤ –ø–æ–ª–∏—Ü–∏—é –Ω–∞ –∫–æ–Ω–∫—É—Ä–µ–Ω—Ç–∞ (–ª–æ–∂–Ω—ã–π –¥–æ–Ω–æ—Å). –¢–µ–∫—Å—Ç –ø—Ä–∏—à–ª—é.",1
414,Work_Scam,"–ò—â–µ–º –ª—é–¥–µ–π —Å –¥–æ—Å—Ç—É–ø–æ–º –∫ –±–∞–∑–µ –¥–∞–Ω–Ω—ã—Ö –ú–¢–°/–ë–∏–ª–∞–π–Ω. –ö—É–ø–∏–º –ø—Ä–æ–±–∏–≤ –Ω–æ–º–µ—Ä–∞ –∑–∞ –¥–æ—Ä–æ–≥–æ.",1
415,Work_Scam,"–ù—É–∂–Ω–æ —Å—Ñ–æ—Ç–∫–∞—Ç—å –≤–æ–µ–Ω–∫–æ–º–∞—Ç —Å —Ä–∞–∑–Ω—ã—Ö —Å—Ç–æ—Ä–æ–Ω. –ü–ª–∞—á—É 100 –±–∞–∫—Å–æ–≤ –∑–∞ 5 —Ñ–æ—Ç–æ–∫.",1
416,Work_Scam,"–ü—Ä–∏–≤–µ—Ç. –•–æ—á–µ—à—å –ø–æ–¥–∑–∞—Ä–∞–±–æ—Ç–∞—Ç—å? –ù—É–∂–Ω–æ —Ä–∞—Å–∫–ª–µ–∏—Ç—å –ª–∏—Å—Ç–æ–≤–∫–∏ —Å –æ–ø—Ä–µ–¥–µ–ª–µ–Ω–Ω—ã–º —Å–æ–¥–µ—Ä–∂–∞–Ω–∏–µ–º –ø–æ —Ä–∞–π–æ–Ω—É.",1
417,Work_Scam,"–ï—Å—Ç—å –≤–∞—Ä–∏–∞–Ω—Ç –∑–∞—Ä–∞–±–æ—Ç–∞—Ç—å 50–∫ –∑–∞ –Ω–æ—á—å. –ù—É–∂–Ω–æ –æ–±–ª–∏—Ç—å –∫—Ä–∞—Å–∫–æ–π –º–∞—à–∏–Ω—É. –ü–∏—à–∏, –µ—Å–ª–∏ –≥–æ—Ç–æ–≤.",1
418,Work_Scam,"–¢—Ä–µ–±—É–µ—Ç—Å—è —á–µ–ª–æ–≤–µ–∫ –¥–ª—è –ø–µ—Ä–µ–≤–æ–∑–∫–∏ '–º—É–∫–∏' –º–µ–∂–¥—É –≥–æ—Ä–æ–¥–∞–º–∏. –û–ø–ª–∞—Ç–∞ —Ä–µ–π—Å–∞ 100–∫.",1
419,Work_Scam,"–°–∫—É–ø–∞–µ–º –∞–∫–∫–∞—É–Ω—Ç—ã –ì–æ—Å—É—Å–ª—É–≥. –î–æ—Ä–æ–≥–æ. –ù—É–∂–µ–Ω —Ç–æ–ª—å–∫–æ –ª–æ–≥–∏–Ω –∏ –ø–∞—Ä–æ–ª—å.",1
420,Work_Scam,"–ù—É–∂–Ω–æ –æ—Ñ–æ—Ä–º–∏—Ç—å –û–û–û –Ω–∞ —Å–µ–±—è (–Ω–æ–º–∏–Ω–∞–ª—å–Ω—ã–π –¥–∏—Ä–µ–∫—Ç–æ—Ä). –î–µ–ª–∞—Ç—å –Ω–∏—á–µ–≥–æ –Ω–µ –Ω–∞–¥–æ, –ø—Ä–æ—Å—Ç–æ —á–∏—Å–ª–∏—à—å—Å—è –∏ –ø–æ–ª—É—á–∞–µ—à—å –∑–∞—Ä–ø–ª–∞—Ç—É.",1
421,Work_IT,"–î–æ–±—Ä—ã–π –¥–µ–Ω—å! –Ø HR –∫–æ–º–ø–∞–Ω–∏–∏ –Ø–Ω–¥–µ–∫—Å. –ù–∞—à–ª–∏ –≤–∞—à–µ —Ä–µ–∑—é–º–µ –Ω–∞ –•–∞–±—Ä –ö–∞—Ä—å–µ—Ä–µ, —Ö–æ—Ç–µ–ª–∏ –±—ã –ø—Ä–µ–¥–ª–æ–∂–∏—Ç—å –≤–∞–∫–∞–Ω—Å–∏—é Python Junior.",0
422,Work_IT,"–ó–¥—Ä–∞–≤—Å—Ç–≤—É–π—Ç–µ. –ú–µ–Ω—è –∑–æ–≤—É—Ç –ê–Ω–Ω–∞, —è —Ä–µ–∫—Ä—É—Ç–µ—Ä. –£ –Ω–∞—Å –æ—Ç–∫—Ä—ã—Ç–∞ –ø–æ–∑–∏—Ü–∏—è —Å–∏—Å—Ç–µ–º–Ω–æ–≥–æ –∞–¥–º–∏–Ω–∏—Å—Ç—Ä–∞—Ç–æ—Ä–∞. –í–∞–º –∏–Ω—Ç–µ—Ä–µ—Å–Ω–æ?",0
423,General,"–ü—Ä–∏–≤–µ—Ç! –¢—ã –Ω–µ –∑–Ω–∞–µ—à—å, –≥–¥–µ –º–æ–∂–Ω–æ –ø–æ–¥—Ä–∞–±–æ—Ç–∞—Ç—å –ª–µ—Ç–æ–º? –ú–æ–∂–µ—Ç –ª–∏—Å—Ç–æ–≤–∫–∏ —Ä–∞–∑–¥–∞–≤–∞—Ç—å?",0
424,Work_IT,"–ü—Ä–∏–≥–ª–∞—à–∞–µ–º –≤–∞—Å –Ω–∞ —Å–æ–±–µ—Å–µ–¥–æ–≤–∞–Ω–∏–µ –≤ —á–µ—Ç–≤–µ—Ä–≥ –≤ 14:00. –û—Ñ–∏—Å –Ω–∞—Ö–æ–¥–∏—Ç—Å—è –Ω–∞ –õ–µ–Ω–∏–Ω–∞ 5.",0
425,Work_IT,"–ú—ã —Ä–∞—Å—Å–º–æ—Ç—Ä–µ–ª–∏ –≤–∞—à–µ —Ç–µ—Å—Ç–æ–≤–æ–µ –∑–∞–¥–∞–Ω–∏–µ, –æ–Ω–æ –≤—ã–ø–æ–ª–Ω–µ–Ω–æ –æ—Ç–ª–∏—á–Ω–æ. –ì–æ—Ç–æ–≤—ã –≤—ã—Å–ª–∞—Ç—å –æ—Ñ—Ñ–µ—Ä.",0
426,Work_IT,"–ò—â–µ–º –∫—É—Ä—å–µ—Ä–∞ –¥–ª—è –¥–æ—Å—Ç–∞–≤–∫–∏ –¥–æ–∫—É–º–µ–Ω—Ç–æ–≤ (–Ω–µ —Ç–æ–≤–∞—Ä—ã, —Ç–æ–ª—å–∫–æ –±—É–º–∞–≥–∏). –û—Ñ–∏—Ü–∏–∞–ª—å–Ω–æ–µ —Ç—Ä—É–¥–æ—É—Å—Ç—Ä–æ–π—Å—Ç–≤–æ, –≥—Ä–∞—Ñ–∏–∫ 5/2.",0
427,General,"–°–ª—É—à–∞–π, –∞ —Ç—ã –Ω–µ —Ö–æ—á–µ—à—å —É—Å—Ç—Ä–æ–∏—Ç—å—Å—è –∫ –Ω–∞–º –≤ –æ—Ç–¥–µ–ª? –ù–∞–º –∫–∞–∫ —Ä–∞–∑ –Ω—É–∂–µ–Ω –µ—â–µ –æ–¥–∏–Ω –ø—Ä–æ–≥—Ä–∞–º–º–∏—Å—Ç.",0
428,Work_IT,"–í–∞–∫–∞–Ω—Å–∏—è: –ú–µ–Ω–µ–¥–∂–µ—Ä –ø–æ –ø—Ä–æ–¥–∞–∂–∞–º. –ë–µ–ª–∞—è –∑–∞—Ä–ø–ª–∞—Ç–∞, –î–ú–°, –æ—Ñ–∏—Å –≤ —Ü–µ–Ω—Ç—Ä–µ. –û—Ç–∫–ª–∏–∫–Ω—É—Ç—å—Å—è –Ω–∞ hh.ru",0
429,General,"–ú–Ω–µ –ø—Ä–µ–¥–ª–æ–∂–∏–ª–∏ —Ä–∞–±–æ—Ç—É –≤ –°–±–µ—Ä–µ! –Ø —Ç–∞–∫ —Ä–∞–¥, –∑–∞–≤—Ç—Ä–∞ –ø–µ—Ä–≤—ã–π –¥–µ–Ω—å.",0
430,Work_IT,"–î–æ–±—Ä—ã–π –¥–µ–Ω—å. –£—Ç–æ—á–Ω–∏—Ç–µ, –ø–æ–∂–∞–ª—É–π—Å—Ç–∞, –≤–∞—à–∏ –∑–∞—Ä–ø–ª–∞—Ç–Ω—ã–µ –æ–∂–∏–¥–∞–Ω–∏—è.",0
431,Social_Eng,"–ü—Ä–∏–≤–µ—Ç, –∫—Ä–∞—Å–∞–≤—á–∏–∫! üòç –£–≤–∏–¥–µ–ª–∞ —Ç–≤–æ–π –ø—Ä–æ—Ñ–∏–ª—å, —Ç—ã –º–Ω–µ –æ—á–µ–Ω—å –ø–æ–Ω—Ä–∞–≤–∏–ª—Å—è. –î–∞–≤–∞–π –ø–æ–æ–±—â–∞–µ–º—Å—è?",1
432,Social_Eng,"–ú–∏–ª—ã–π, —è —Ç–∞–∫ —Ö–æ—á—É –∫ —Ç–µ–±–µ –ø—Ä–∏–µ—Ö–∞—Ç—å, –Ω–æ —É –º–µ–Ω—è –Ω–µ —Ö–≤–∞—Ç–∞–µ—Ç –¥–µ–Ω–µ–≥ –Ω–∞ –±–∏–ª–µ—Ç. –°–∫–∏–Ω—å 5000—Ä, —è —Å—Ä–∞–∑—É –∫—É–ø–ª—é –∏ –ø—Ä–∏–ª–µ—á—É.",1
433,Social_Eng,"–ü—Ä–∏–≤–µ—Ç! –ò–∑–≤–∏–Ω–∏, —è —Å–ª—É—á–∞–π–Ω–æ —Å–æ—Ö—Ä–∞–Ω–∏–ª–∞ —Ç–≤–æ–π –Ω–æ–º–µ—Ä. –ù–æ —Ç—ã –∫–∞–∂–µ—à—å—Å—è –∏–Ω—Ç–µ—Ä–µ—Å–Ω—ã–º —á–µ–ª–æ–≤–µ–∫–æ–º. –¢—ã –∏–∑ –ú–æ—Å–∫–≤—ã?",1
434,Social_Eng,"–ó–∞–π, —É –º–µ–Ω—è –ø—Ä–æ–±–ª–µ–º—ã —Å –∫–∞—Ä—Ç–æ–π, –Ω–µ –º–æ–≥—É –æ–ø–ª–∞—Ç–∏—Ç—å –∏–Ω—Ç–µ—Ä–Ω–µ—Ç. –ü–æ–ø–æ–ª–Ω–∏ –º–æ–π –±–∞–ª–∞–Ω—Å, –ø–æ–∂–∞–ª—É–π—Å—Ç–∞, —è –≤–µ—á–µ—Ä–æ–º –≤–µ—Ä–Ω—É.",1
435,TG_Phishing,"Steam: –í–∞–º –Ω–∞—á–∏—Å–ª–µ–Ω –ø–æ–¥–∞—Ä–æ—á–Ω—ã–π –∫—É–ø–æ–Ω –Ω–∞ 50$. –ó–∞–±—Ä–∞—Ç—å —Å–∫–∏–Ω: steamcommunity-gift.com/trade",1
436,TG_Phishing,"–†–∞–∑–¥–∞—á–∞ –≥–µ–º–æ–≤ –≤ Brawl Stars! –í–≤–æ–¥–∏ —Å–≤–æ–π ID –∏ –ø–æ–ª—É—á–∞–π 1000 –≥–µ–º–æ–≤. –°—Å—ã–ª–∫–∞: brawl-free-gems.site",1
437,TG_Phishing,"–ë–µ—Å–ø–ª–∞—Ç–Ω—ã–µ —Ä–æ–±–∞–∫—Å—ã (Robux) –¥–ª—è Roblox. –ì–µ–Ω–µ—Ä–∞—Ç–æ—Ä –≤–∞–ª—é—Ç—ã —Ç—É—Ç: roblox-generator-fake.net",1
438,TG_Phishing,"Discord: –í–∞—à–∞ –ø–æ–¥–ø–∏—Å–∫–∞ Nitro –∏—Å—Ç–µ–∫–ª–∞. –ü—Ä–æ–¥–ª–∏—Ç–µ –±–µ—Å–ø–ª–∞—Ç–Ω–æ –ø–æ –∞–∫—Ü–∏–∏: discord-gift.ru",1
439,Social_Eng,"–°–ª—É—à–∞–π, –¥–∞–π —Å–≤–æ–π –∞–∫–∫–∞—É–Ω—Ç –æ—Ç –°—Ç–∞–Ω–¥–æ—Ñ—Ñ–∞ –ø–æ–≥–æ–Ω—è—Ç—å? –Ø —Ç–µ–±–µ –Ω–æ–∂ –ø–æ–¥–∞—Ä—é. –ß–µ—Å—Ç–Ω–æ.",1
440,TG_Phishing,"–ü—Ä–∏–≤–µ—Ç! –Ø –∞–¥–º–∏–Ω –ø–∞–±–ª–∏–∫–∞. –¢—ã –≤—ã–∏–≥—Ä–∞–ª –Ω–æ–∂ –≤ CS2. –ß—Ç–æ–±—ã –∑–∞–±—Ä–∞—Ç—å, –≤–æ–π–¥–∏ —á–µ—Ä–µ–∑ Steam —Ç—É—Ç: ...",1
441,Social_Eng,"–®–∞–Ω—Ç–∞–∂! –Ø –≤–∑–ª–æ–º–∞–ª —Ç–≤–æ—é –∫–∞–º–µ—Ä—É –∏ –∑–∞–ø–∏—Å–∞–ª, —á—Ç–æ —Ç—ã –¥–µ–ª–∞–µ—à—å –ø–µ—Ä–µ–¥ –º–æ–Ω–∏—Ç–æ—Ä–æ–º. –ü–ª–∞—Ç–∏ 500$ –∏–ª–∏ —Ä–∞–∑–æ—à–ª—é –≤–∏–¥–µ–æ –≤—Å–µ–º –¥—Ä—É–∑—å—è–º.",1
442,Financial,"–í–Ω–∏–º–∞–Ω–∏–µ! –í–∞—à–∞ —Å–∏–º-–∫–∞—Ä—Ç–∞ –±—É–¥–µ—Ç –∑–∞–±–ª–æ–∫–∏—Ä–æ–≤–∞–Ω–∞ –∏–∑-–∑–∞ –æ—Ç—Å—É—Ç—Å—Ç–≤–∏—è –ø–∞—Å–ø–æ—Ä—Ç–Ω—ã—Ö –¥–∞–Ω–Ω—ã—Ö. –ü–æ–¥—Ç–≤–µ—Ä–¥–∏—Ç–µ –¥–∞–Ω–Ω—ã–µ –Ω–∞ –≥–æ—Å—É—Å–ª—É–≥–∞—Ö (—Ñ–µ–π–∫).",1
443,Social_Eng,"–ü—Ä–∏–≤–µ—Ç. –ú–æ–∂–µ—à—å –ø–æ–±—ã—Ç—å –≥–∞—Ä–∞–Ω—Ç–æ–º –≤ —Å–¥–µ–ª–∫–µ? –Ø —Ç–µ–±–µ 500—Ä –Ω–∞–∫–∏–Ω—É –∑–∞ –ø–æ–º–æ—â—å.",1
444,Crypto_Scam,"–£–Ω–∏–∫–∞–ª—å–Ω—ã–π —Å–æ—Ñ—Ç –¥–ª—è –≤–∑–ª–æ–º–∞ –∫—Ä–∏–ø—Ç–æ–∫–æ—à–µ–ª—å–∫–æ–≤. –ù–∞—Ö–æ–¥–∏—Ç –∑–∞–±—ã—Ç—ã–µ –±–∏—Ç–∫–æ–∏–Ω—ã. –¶–µ–Ω–∞ 50$.",1
445,Marketplace_Scam,"–í—ã –ø—Ä–æ–¥–∞–µ—Ç–µ –∫–æ–ª—è—Å–∫—É –Ω–∞ –ê–≤–∏—Ç–æ? –Ø —Å–µ–π—á–∞—Å –æ—Ñ–æ—Ä–º–ª—é –¥–æ—Å—Ç–∞–≤–∫—É, –≤–∞–º –Ω–∞ –∫–∞—Ä—Ç—É –ø—Ä–∏–¥—É—Ç –¥–µ–Ω—å–≥–∏. –ù–∞–∑–æ–≤–∏—Ç–µ CVV –∫–æ–¥.",1
446,Work_Scam,"–ó–∞—Ä–∞–±–æ—Ç–æ–∫ –Ω–∞ –ø—Ä–æ—Å–º–æ—Ç—Ä–µ –≤–∏–¥–µ–æ –≤ –¢–∏–∫–¢–æ–∫. 5000 —Ä—É–±–ª–µ–π –≤ –¥–µ–Ω—å. –ü–∏—à–∏ –º–µ–Ω–µ–¥–∂–µ—Ä—É.",1
447,Social_Eng,"–°—Ä–æ—á–Ω—ã–π —Å–±–æ—Ä –Ω–∞ –æ–ø–µ—Ä–∞—Ü–∏—é —Ä–µ–±–µ–Ω–∫—É. –î–æ–∫—É–º–µ–Ω—Ç—ã –Ω–µ –ø–æ–∫–∞–∑—ã–≤–∞–µ–º, –≤—Ä–µ–º–µ–Ω–∏ –Ω–µ—Ç. –ö–∞—Ä—Ç–∞ –ø—Ä–∏–≤—è–∑–∞–Ω–∞ –∫ –Ω–æ–º–µ—Ä—É.",1
448,IT_Malware,"–°–ª–∏–≤ –∫—É—Ä—Å–æ–≤ Skillbox –∏ Geekbrains –±–µ—Å–ø–ª–∞—Ç–Ω–æ. –í–µ—Å—å –∞—Ä—Ö–∏–≤ –≤–µ—Å–∏—Ç 10–≥–±. –ö–∞—á–∞–π –∑–∞–≥—Ä—É–∑—á–∏–∫: downloader.exe",1
449,Social_Eng,"–ü—Ä–∏–≤–µ—Ç! –≠—Ç–æ —Ç–≤–æ–π –±—ã–≤—à–∏–π –æ–¥–Ω–æ–∫–ª–∞—Å—Å–Ω–∏–∫. –ü–æ–º–Ω–∏—à—å –º–µ–Ω—è? –ó–∞–π–º–∏ 1000—Ä, –æ—á–µ–Ω—å –Ω–∞–¥–æ.",1
450,TG_Phishing,"–ü–æ—Å–º–æ—Ç—Ä–∏, —á—Ç–æ –ø—Ä–æ —Ç–µ–±—è –Ω–∞–ø–∏—Å–∞–ª–∏ –≤ —ç—Ç–æ–º –∫–∞–Ω–∞–ª–µ! –Ø –≤ —à–æ–∫–µ: t.me/bad_news/post/...",1
451,Social_Eng,"–ó–¥—Ä–∞–≤—Å—Ç–≤—É–π—Ç–µ. –Ø –ø—Ä–µ–¥—Å—Ç–∞–≤–ª—è—é —Å–ª—É–∂–±—É –±–µ–∑–æ–ø–∞—Å–Ω–æ—Å—Ç–∏ –±–∞–Ω–∫–∞. –ü–æ –≤–∞—à–µ–π –∫–∞—Ä—Ç–µ –∑–∞—Ñ–∏–∫—Å–∏—Ä–æ–≤–∞–Ω–∞ –ø–æ–ø—ã—Ç–∫–∞ –ø–µ—Ä–µ–≤–æ–¥–∞ –≤ –£–∫—Ä–∞–∏–Ω—É. –≠—Ç–æ –≥–æ—Å–∏–∑–º–µ–Ω–∞.",1
452,Financial,"–í–µ—Ä–Ω–µ–º –Ω–∞–ª–æ–≥–∏ –∑–∞ –ø–æ—Å–ª–µ–¥–Ω–∏–µ 3 –≥–æ–¥–∞. –ó–∞–ø–æ–ª–Ω–∏—Ç–µ –∞–Ω–∫–µ—Ç—É –∏ –ø–æ–ª—É—á–∏—Ç–µ –≤—ã–ø–ª–∞—Ç—É –Ω–∞ –∫–∞—Ä—Ç—É.",1
453,TG_Phishing,"–¢–≤–æ–π –∞–∫–∫–∞—É–Ω—Ç –ø—ã—Ç–∞—é—Ç—Å—è –≤–∑–ª–æ–º–∞—Ç—å! –°—Ä–æ—á–Ω–æ —Å–º–µ–Ω–∏ –ø–∞—Ä–æ–ª—å –∑–¥–µ—Å—å: telegram-security-check.com",1
454,Social_Eng,"–ü—Ä–∏–≤–µ—Ç, –¥–∞–≤–∞–π –æ–±–º–µ–Ω—è–µ–º—Å—è –∏–Ω—Ç–∏–º–∫–∞–º–∏? –¢–æ–ª—å–∫–æ —Ç—ã –ø–µ—Ä–≤—ã–π —Å–∫–∏–¥—ã–≤–∞–π.",1
455,Marketplace_Scam,"–Ø –ø–µ—Ä–µ–≤–µ–ª –¥–µ–Ω—å–≥–∏ –∑–∞ —Ç–æ–≤–∞—Ä, –Ω–æ —É –ê–≤–∏—Ç–æ —Å–±–æ–π. –ü–µ—Ä–µ–π–¥–∏ –ø–æ —Å—Å—ã–ª–∫–µ, —á—Ç–æ–±—ã –ø–æ–¥—Ç–≤–µ—Ä–¥–∏—Ç—å –ø–æ–ª—É—á–µ–Ω–∏–µ –≤—Ä—É—á–Ω—É—é.",1
456,Crypto_Drainer,"Connect Wallet to claim your rewards. Limited time offer.",1
457,Work_Scam,"–ù—É–∂–Ω—ã –ª—é–¥–∏ –¥–ª—è –Ω–∞–ø–∏—Å–∞–Ω–∏—è –ø–æ–ª–æ–∂–∏—Ç–µ–ª—å–Ω—ã—Ö –æ—Ç–∑—ã–≤–æ–≤ –Ω–∞ –Ø–Ω–¥–µ–∫—Å.–ö–∞—Ä—Ç–∞—Ö. –û–ø–ª–∞—Ç–∞ —Å–¥–µ–ª—å–Ω–∞—è.",1
458,IT_Malware,"–ü—Ä–æ–≥—Ä–∞–º–º–∞ –¥–ª—è –≤–∑–ª–æ–º–∞ Wi-Fi —Å–æ—Å–µ–¥–µ–π. –†–∞–±–æ—Ç–∞–µ—Ç 100%. –°—Å—ã–ª–∫–∞: ...",1
459,Social_Eng,"–î–µ–≤—É—à–∫–∞, –≤—ã –≤—ã—Ä–æ–Ω–∏–ª–∏ –∫–∞—Ä—Ç—É. –Ø –Ω–∞—à–µ–ª, –Ω–∞–ø–∏—à–∏—Ç–µ —Ä–µ–∫–≤–∏–∑–∏—Ç—ã, —è –ø–µ—Ä–µ–≤–µ–¥—É –æ—Å—Ç–∞—Ç–æ–∫ –≤–∞–º, –∞ –ø–ª–∞—Å—Ç–∏–∫ –≤—ã–∫–∏–Ω—É.",1
460,TG_Phishing,"–ì–æ–ª–æ—Å–æ–≤–∞–Ω–∏–µ –∑–∞ –ª—É—á—à–µ–≥–æ –±–ª–æ–≥–µ—Ä–∞. –ü–æ–¥–¥–µ—Ä–∂–∏ –º–µ–Ω—è! –°—Å—ã–ª–∫–∞:",1
461,Social_Eng,"–ü—Ä–∏–≤–µ—Ç! –£ —Ç–µ–±—è –µ—Å—Ç—å –ª–∏—à–Ω–∏–π –±–∏–ª–µ—Ç –Ω–∞ –∫–æ–Ω—Ü–µ—Ä—Ç? –ö—É–ø–ª—é –≤ —Ç—Ä–∏ –¥–æ—Ä–æ–≥–æ, —Ç–æ–ª—å–∫–æ –ø—Ä–µ–¥–æ–ø–ª–∞—Ç—É —Å–∫–∏–Ω—å.",1
462,Work_Scam,"–¢—Ä–µ–±—É–µ—Ç—Å—è —Ç–∞–π–Ω—ã–π –ø–æ–∫—É–ø–∞—Ç–µ–ª—å. –ù—É–∂–Ω–æ –æ—Ñ–æ—Ä–º–∏—Ç—å –∫—Ä–µ–¥–∏—Ç–Ω—É—é –∫–∞—Ä—Ç—É –∏ –ø—Ä–æ–≤–µ—Ä–∏—Ç—å —Ä–∞–±–æ—Ç—É –±–∞–Ω–∫–∞.",1
463,Crypto_Scam,"–°–∏–≥–Ω–∞–ª—ã –Ω–∞ —Ñ—å—é—á–µ—Ä—Å—ã —Å –ø—Ä–æ—Ö–æ–¥–∏–º–æ—Å—Ç—å—é 90%. –î–æ—Å—Ç—É–ø –≤ VIP –∫–∞–Ω–∞–ª –ø–ª–∞—Ç–Ω—ã–π.",1
464,Financial,"–°–ø–∏—Å–∞–Ω–∏–µ –¥–æ–ª–≥–æ–≤ –∏ –∫—Ä–µ–¥–∏—Ç–æ–≤ –∑–∞ 1 –º–µ—Å—è—Ü. –ó–∞–∫–æ–Ω–Ω–æ. –ë–∞–Ω–∫—Ä–æ—Ç—Å—Ç–≤–æ —Ñ–∏–∑–ª–∏—Ü.",1
465,TG_Phishing,"–ü–æ–ª—É—á–∏ –±–µ—Å–ø–ª–∞—Ç–Ω–æ 3 –º–µ—Å—è—Ü–∞ –Ø–Ω–¥–µ–∫—Å –ü–ª—é—Å. –ê–∫—Ü–∏—è –¥–ª—è –ø–æ–¥–ø–∏—Å—á–∏–∫–æ–≤ –∫–∞–Ω–∞–ª–∞.",1
466,General,"–ì–æ –≤ –î–æ—Ç—É? –Ø —Å–æ–∑–¥–∞–ª –ª–æ–±–±–∏.",0
467,General,"–°–∫–∏–Ω—å –∞–π–ø–∏ —Å–µ—Ä–≤–µ—Ä–∞, —è —Å–µ–π—á–∞—Å –∑–∞–π–¥—É –≤ –ú–∞–π–Ω–∫—Ä–∞—Ñ—Ç.",0
468,General,"–¢—ã –∫—É–ø–∏–ª –Ω–æ–≤—É—é –≤–∏–¥–µ–æ–∫–∞—Ä—Ç—É? –ö–∞–∫—É—é –≤–∑—è–ª? 4060 –∏–ª–∏ 4070?",0
469,General,"–£ –º–µ–Ω—è –ª–∞–≥–∞–µ—Ç –∏–Ω—Ç–µ—Ä–Ω–µ—Ç, –ø–∏–Ω–≥ 200. –ù–µ –º–æ–≥—É –∏–≥—Ä–∞—Ç—å.",0
470,General,"–î–æ–±–∞–≤—å –º–µ–Ω—è –≤ –¥—Ä—É–∑—å—è –≤ –°—Ç–∏–º–µ, –º–æ–π –∫–æ–¥: 12345678.",0
471,General,"–ü–æ—à–ª–∏ –≤ –î–∏—Å–∫–æ—Ä–¥, —Ç–∞–º —É–¥–æ–±–Ω–µ–µ —Ä–∞–∑–≥–æ–≤–∞—Ä–∏–≤–∞—Ç—å.",0
472,General,"–¢—ã —Å–¥–µ–ª–∞–ª –ø—Ä–µ–∑–µ–Ω—Ç–∞—Ü–∏—é –ø–æ –∏—Å—Ç–æ—Ä–∏–∏? –°–∫–∏–Ω—å –≥–ª—è–Ω—É—Ç—å.",0
473,General,"–ó–∞–≤—Ç—Ä–∞ –ø–µ—Ä–≤—ã–º —É—Ä–æ–∫–æ–º —Ñ–∏–∑—Ä–∞, –Ω–µ –∑–∞–±—É–¥—å —Ñ–æ—Ä–º—É.",0
474,General,"–í —Å—Ç–æ–ª–æ–≤–æ–π —Å–µ–≥–æ–¥–Ω—è –≤–∫—É—Å–Ω—ã–µ –±—É–ª–æ—á–∫–∏ –±—ã–ª–∏.",0
475,General,"–ö–∞–∫–æ–π –ø–∞—Ä–∞–≥—Ä–∞—Ñ –∑–∞–¥–∞–ª–∏ —á–∏—Ç–∞—Ç—å –ø–æ –±–∏–æ–ª–æ–≥–∏–∏?",0
476,General,"–Ø –Ω–µ –ø–æ–π–¥—É –Ω–∞ –≤—ã–ø—É—Å–∫–Ω–æ–π, —Å–ª–∏—à–∫–æ–º –¥–æ—Ä–æ–≥–æ.",0
477,General,"–ú–∞–º, –ø–µ—Ä–µ–≤–µ–¥–∏ –º–Ω–µ 100—Ä –Ω–∞ –ø—Ä–æ–µ–∑–¥, –∫–∞—Ä—Ç–∞ –ø—É—Å—Ç–∞—è.",0
478,General,"–ü–∞–ø, –∑–∞–±–µ—Ä–∏ –º–µ–Ω—è —Å —Ç—Ä–µ–Ω–∏—Ä–æ–≤–∫–∏ –≤ 19:00.",0
479,General,"–ú—ã –ø–æ–µ—Ö–∞–ª–∏ –Ω–∞ –¥–∞—á—É, —Å–≤—è–∑–∏ –º–æ–∂–µ—Ç –Ω–µ –±—ã—Ç—å.",0
480,General,"–ö—É–ø–∏ –∫–æ—Ä–º –∫–æ—Ç—É, –∑–∞–∫–∞–Ω—á–∏–≤–∞–µ—Ç—Å—è.",0
481,General,"–¢—ã –ø–æ–º—ã–ª –ø–æ—Å—É–¥—É? –Ø –∂–µ –ø—Ä–æ—Å–∏–ª–∞.",0
482,General,"–°–ª—É—à–∞–π, –∞ —Ç—ã —É–º–µ–µ—à—å –ø–µ—Ä–µ—É—Å—Ç–∞–Ω–∞–≤–ª–∏–≤–∞—Ç—å –í–∏–Ω–¥—É? –ü–æ–º–æ–≥–∏ –ø–ª–∏–∑.",0
483,General,"–£ –º–µ–Ω—è –∫–æ–º–ø –Ω–µ –≤–∫–ª—é—á–∞–µ—Ç—Å—è, —á–µ—Ä–Ω—ã–π —ç–∫—Ä–∞–Ω. –ß—Ç–æ –¥–µ–ª–∞—Ç—å?",0
484,General,"–°–∫–∏–Ω—å —Å—Å—ã–ª–∫—É –Ω–∞ –¥—Ä–∞–π–≤–µ—Ä–∞, –Ω–µ –º–æ–≥—É –Ω–∞–π—Ç–∏ –æ—Ñ–∏—Ü–∏–∞–ª—å–Ω—ã–π —Å–∞–π—Ç.",0
485,Work_IT,"–Ø –∑–∞–ø—É—à–∏–ª –∫–æ–¥ –≤ —Ä–µ–ø–æ–∑–∏—Ç–æ—Ä–∏–π, –º–æ–∂–Ω–æ –º–µ—Ä–∂–∏—Ç—å.",0
486,Work_IT,"–ù–∞–¥–æ –ø–æ—Ñ–∏–∫—Å–∏—Ç—å –±–∞–≥ —Å –∞–≤—Ç–æ—Ä–∏–∑–∞—Ü–∏–µ–π, –ø–æ–ª—å–∑–æ–≤–∞—Ç–µ–ª–∏ –∂–∞–ª—É—é—Ç—Å—è.",0
487,General,"–ü—Ä–∏–≤–µ—Ç! –ö–∞–∫ –Ω–∞—Å—Ç—Ä–æ–µ–Ω–∏–µ?",0
488,General,"–î–∞–≤–∞–π –≤ –≤—ã—Ö–æ–¥–Ω—ã–µ —Å—Ö–æ–¥–∏–º –≤ –∫–∏–Ω–æ –Ω–∞ –î—é–Ω—É.",0
489,General,"–¢—ã –≤–∏–¥–µ–ª –Ω–æ–≤—ã–π —Ç—Ä–µ–π–ª–µ—Ä –ì–¢–ê 6? –ì—Ä–∞—Ñ–∏–∫–∞ –±–æ–º–±–∞.",0
490,General,"–£ –º–µ–Ω—è –≥–æ–ª–æ–≤–∞ –±–æ–ª–∏—Ç, —è –ø–æ–π–¥—É –ø–æ–ª–µ–∂—É.",0
491,General,"–° –¥–æ–±—Ä—ã–º —É—Ç—Ä–æ–º! –•–æ—Ä–æ—à–µ–≥–æ –¥–Ω—è.",0
492,General,"–°–ø–æ–∫–æ–π–Ω–æ–π –Ω–æ—á–∏, –¥–æ –∑–∞–≤—Ç—Ä–∞.",0
493,General,"–Ø –æ–ø–æ–∑–¥–∞—é –º–∏–Ω—É—Ç –Ω–∞ 15, –Ω–µ —Ç–µ—Ä—è–π—Ç–µ.",0
494,General,"–ì–¥–µ –º—ã –≤—Å—Ç—Ä–µ—á–∞–µ–º—Å—è? –£ –º–µ—Ç—Ä–æ –∏–ª–∏ –≤ —Ü–µ–Ω—Ç—Ä–µ?",0
495,General,"–°–∫–∏–Ω—å –Ω–æ–º–µ—Ä –∫–∞—Ä—Ç—ã, —è –¥–æ–ª–≥ –≤–µ—Ä–Ω—É.",0
496,General,"–°–∫–æ–ª—å–∫–æ —Å –º–µ–Ω—è –∑–∞ –ø–∏—Ü—Ü—É?",0
497,General,"–°–ø–∞—Å–∏–±–æ, –¥–µ–Ω—å–≥–∏ –ø—Ä–∏—à–ª–∏.",0
498,General,"–Ø –∫—É–ø–∏–ª –±–∏–ª–µ—Ç—ã, –º–µ—Å—Ç–∞ 15 –∏ 16.",0
499,General,"–ö–ª–∞—Å—Å–Ω–∞—è –ø–µ—Å–Ω—è, –∫–∞–∫ –Ω–∞–∑—ã–≤–∞–µ—Ç—Å—è? –°–∫–∏–Ω—å –Ω–∞–∑–≤–∞–Ω–∏–µ.",0
500,General,"–ü–æ–∑–¥—Ä–∞–≤–ª—è—é —Å –ø–æ–±–µ–¥–æ–π –≤ –æ–ª–∏–º–ø–∏–∞–¥–µ! –¢—ã –∫—Ä—É—Ç–æ–π!",0
501,Crypto_Phishing, "—ç—Ç–æ –Ω–µ —Å–∫–∞–º",1
502,Crypto_Phishing, "—ç—Ç–æ –Ω–µ –æ–±–º–∞–Ω",1
503,Crypto_Phishing, "–Ω–µ –ø–µ—Ä–µ–∂–∏–≤–∞–π, —è –Ω–µ –æ–±–º–∞–Ω—É",1